SMILES,MP
CCN(O)CC,247.65
c1(C(C)=C)ccccc1,249.95
C/C=C/CCCC,164
c1(CC)cc(CC)cc(CC)c1,206.735
COC(C)(C)C(=O)OC,229.6
CC(C)(C)C,256.6
OCC(C)C=O,222
FC(F)OCC(F)(F)F,150
c1([N+](=O)[O-])ccccc1,278.91
CC(=C)C(=O)OCCC[Si](Cl)(Cl)Cl,220
NO.Cl,424
c1cc(C=O)ccc1(C=O),388.65
C1C(=O)C=C(C)CC1(C)?,265.05
C1C[C@@](C)(C(=O)O)([C@@H]2(CCC3=C[C@@](C=C)(C)(CC[C@@H]3([C@@]2(C)(C1))))),492
C(Cl)(Cl)(Cl)C=O,216
[Fe]=O,1650
C1CCO1,176.15
C1CCCCC1CCC,178.25
C1=CC2=C(C=C1)C1=C(C=CC=C1)C=C2,372.38
C12=CC=CC=C1N=C(S2)S,453.15
COC(=O)CCCC(=O)OC,230.65
CNC=O,269.35
OC(C)CO,213.15
c1(C(=O)O)c(C(=O)O)cc(C(=O)O)cc1,511.15
CCC=CCC=CCC=CCCCCCCCC(=O)O,262.05
C1C[C@@](C)(C(=O)O)([C@@H]2(CCC3=CC(=C(C)C)CC[C@@H]3([C@@]2(C)(C1)))),446.4
CC(C)(C)OC(C)COCC(O)C,195
CCCCC#N,176.92
c1ccccc1(C(C)C=O),284
c1(C(=O)(Cl))ccc(C(=O)(Cl))cc1,355.65
C[Al+1]C.[Cl-],252.15
CCC(C)CCCCC,165.55
OCC#CCO,331
C(F)(F)C(F)(F)C(F),191
C=C(C)CC,135.578
CCC#CCC,170.05
CC1(C)CO1,195.4
CC(C)CCCC(C)CCCC(C)CCCCC(C)CCCC(C)CCCC(C)C,235.15
C1CCCN1,215.31
c1ccccc1(Oc1ccccc1),300.03
C/C=C/C(C)C,132.35
c1c(N)c(OC)ccc1,279.95
CN(CCO)CCO,252.15
C1=COC=C1,187.55
CC(C)(C)C(C)C(C)C,152.06
C1CCCCC1(CC),161.5
O=CC(C)=CCC,238
CCCS(=O)(=O)Cl,227.15
FC(F)(F)C(=O)C(F)(F)F,147.7
CCCCCCCCCCCCCCCCCCCCCCCCCCCCC,336.85
CCCO,146.95
S1C=CC=C1(CC),210
CC(O)COC(C)COCC(O)C,228
c1cc(C(=O)OC)c(O)cc1,265.15
CCCCCCCCCCCCCC(=O)OC(C)C,268
CCCCCCCCCC(=O)O,304.75
O=C(OC)CCCCCCC\C=C/C\C=C/C\C=C/CC,216.15
N1C(=O)CCC1(=O),399
CCC(Cl)Cl,192.5
C(F)(F)(F)OC(F)(F),116
c1ccccc1CCc2ccccc2,324.333
CCCCCCCC/C=C\CCCCCCCC(=O)O,286.53
N#CCCO,228.2
C1C(C)OC(=O)C1,242
CC(=O)C,178.45
c1(C)c(C)c(C)c(C)c(C)c1,327.45
CCC(=O)O,252.45
CC1=CC(C)=C(C)S1,215
C1(CCCCC1)C=O,266
CC(C)C(=O)OC1C(COC(=O)C)OC(OC2(COC(=O)C(C)C)C(OC(=O)C(C)C)C(OC(=O)C(C)C)C(COC(=O)C)O2)C(OC(=O)C(C)C)C1OC(=O)C(C)C,285.7
CCCCCCCCS,223.95
c1cc2SC(C)Cc2cc1,273
OC(=O)CC(O)(C(=O)O)CC(=O)O,427.1
ClCCCCl,173.65
O=S(=O)=O,289.95
CCCCSSCCCC,179.11
CC(C)=C(C)C,198.92
OC(C)C(=O)OC(C)C(=O)OC(C)C(=O)O,312.15
C/C=C\C(C)C,138.3
C=CCCCC(C)C,168
C=C(C)C=O,192.15
C=CC(=O)OCCC(O)=O,283.8
FC(F)(F)C(F)Cl,74
c1ccccc1C#Cc2ccccc2,335.65
CCCSSCC,165
CC(Br)CC,161.25
CC(S)C,142.61
CSC,174.88
CCCCCCCCCCCCCCO,310.65
CCCCBr,160.85
c1(C)cc([N+]([O-])=O)cc(C)c1,346.15
C=C(C)CCC,137.42
c1(C(=O)O)c(Cl)cccc1,415.15
C1[C@](C)([H])(C[C@]([H])(C)(C1)),139.18
CCc1cc(C)sc1C,195
C1C(C)c2ccccc2CC1,196.97
C1=CC2=C(C=C1)C=C1C(=C2)C2=C(C=C1)C=CC=C2,433.55
C=C(C)C(=O)OC,224.95
ClC/C=C/CCl,275.65
C/C=C/C=O,196.65
N#CCCCCC#N,275.55
CC(C)(C)SSC(C)(C)C,268.2
OCl(=O)(=O)=O,171.95
CC1=CC=C(O1)C=O,228.9
COO,198.15
CC(C)CC(=O)C,189.15
C(F)(F)(F)C(F)(F)C(F)(F)C(=O)O,255.65
c1(C)cccc2ccccc21,242.67
CC(C)=CC(C)(C)C,166.84
C=CCO,144.15
CC(C)CC(=O)CC(C)C,227.17
C=CCCCCCCCCCCCCCC,277.51
CC(C)C(C)(C)CC,172.22
C1[C@](O)([H])([C@@](C)([H])(CCC1)),269.15
C1CCCC1(CCCC),165.18
CCCOC(=O)CCC,177.95
CCC(O)CCCC,203.15
CC(=O)CC(=O)OC,218.15
Cl/C=C\Cl,193.15
c2c(c1ccccc1N)cccc2,322.28
OCC(C)CC,195
CCCCCCCCCCN,289.16
COCCOCCOCCOCCOC,243.45
C1=CC2=C3C(=C1)C=CC1=CC=CC(=C31)C=C2,423
[SiH3][SiH3],140.65
C=CCCCCCCCCCCCCCCC,284.4
CCCCCCCCCCCCCCCCCCCCCCCCCC,329.25
ClCC(O)CCl,269.15
c1(OCC)ccc(N)cc1,277
COC(=O),174.15
CCCCCC#N,192.84
CCCCCCCCCCCCCCCCCCC(=O)O,341.23
c1(C)cc(C(C)(C))cc(O)c1,321.65
C1C[C@](C)(CN)([C@@]2([H])(CCC3=CC(C(C)C)=CC=C3C2(C)C1)),317.65
C1=CCC(C)C1,112
[Si](CC)(OC(=O)C)(OC(=O)C)OC(=O)C,281.55
OC1=CC=C(/C=C/C)C=C1OC,294.68
O1P2(OP3(OP1(=O)OP(O3)(=O)O2)=O)=O,693.15
S1CCCC1,176.99
CC(=O)N(C)C,253.15
CC(O)COC(C)C,210
CC(=O)C=O,298.15
c1(C)cc([N+](=O)[O-])ccc1,289.2
[Si]1(C)(C)O[Si](C)(C)O[Si](C)(C)O[Si](C)(C)O[Si](C)(C)O[Si](C)(C)O[Si](C)(C)O[Si](C)(C)O1,304.7
CCCCCC(=O)O,269.25
N#CCO,201
N(c1ccc(N(=O)=O)cc1)(c2ccc(N(=O)=O)cc2),491
c1(C(=O)O)c(C(=O)O)cccc1,464.15
c1([N+](=O)[O-])c([N+](=O)[O-])cccc1,390.08
C/C=C/C(=O)O,344.55
OC(=O)CCC(=O)O,460.85
C1CCCCCCC1,287.95
CCCCCCCCO,257.65
c1(Cl)c(Cl)c(Cl)c(Cl)c(Cl)c1(Cl),501.7
c1(C(C)C)c(C)cccc1,201.64
C1(=O)OC(=O)CC1,393
CCC(C)(O)CC,250
C1=CON=C1,206.05
CCCC(C)CCCCC,174.45
CCCOC(=O)C(C)=C,188
CC1=CC(=CC(=C1)C(C)C)C(C)C,212.35
C/C=C\C#N,200.55
c1(C)c(C)c(C)cc(C)c1,249.46
C(Cl)CC[Si](Cl)(Cl)Cl,224.3
[Na+].[I-],933
c1c(O)c(C)cc(C)c1,297.68
C1=NC=CN1,362.25
c1ccccc1[C@](C)([H])(O),293.35
CNCCO,268.65
C1(=O)C(N(C)C=N2)=C2N(C)C(=O)N1(C),509.15
CCCCCOCCCCC,203.72
COC(=O)c1ccc(cc1)C(=O)O,492.54
c1(C(C)C)ccccc1,177.14
CC(C)CN,188.55
CC(C)(O)C(=O)O,352.15
[Si](OCC)(OCC)(OCC)CCCS,210
C(Oc1ccccc1)C2CO2,276.79
CCC(CC)(CC)CC,240.12
COC,131.66
CCC(C)CCCCCCCC,215
CC(C)OC(=O)CCCCCCCCCCCCCCC,285.95
C1(OC(=O)C)CCCCC1,190
C1(C)C(C)C(C)C(C)CC1,195
O=C(O)CCCCCCC(O)=O,416.45
O=N(=O)N(=O)=O,261.92
C(Cl)C(Cl)C,172.71
C1[C@](C)([H])([C@]([H])(C)(CCC1)),184.99
C=C(c1ccccc1)CC(C)(c2ccccc2)C,304.54
C(Cl)(Cl)C(Cl)(Cl),229.35
CC(=O)OCc1ccccc1,221.65
ClN(Cl)Cl,246.15
CCCCCC,177.83
c12ccccc1cc1c3ccccc3c3c1c2ccc3,440.9
O=CC(C)CCCCC,248.6
c1(C(C)(C)(C))c(O)ccc(O)c1,400.65
c1(O)c(O)cccc1,377.7
CC(C)C(=O),208.15
c1ccccc1(C(=O)OCc2ccccc2),292.55
C1[C@](O)([H])(CC[C@](C)([H])(C1)),263.95
C1(=O)CCCCC1,242
CCCCN=C=O,180
OCCNCCO,301.15
O[C@H]1[C@H](O[C@H](CO)[C@@H](O)[C@@H]1O)O[C@]2(CO)O[C@H](CO)[C@@H](O)[C@@H]2O,459
c1(C)c(CC)c(C)ccc1,256.89
C1(=O)CCCC1,221.85
C(I)(F)(F)(F),195.15
CC(C)(C)OC(C)(C)C,195
CC,90.352
N1CCNCC1,384.6
CC(C)CC(C)CCCC,190
CCCOCCC,149.95
C=C(Cl)CCl,183.15
CC[C@H](/C=C/[C@@H](C)[C@H]1CC[C@@H]2[C@H]3CC=C4C[C@H](O)CC[C@@]4(C)[C@H]3CC[C@]12C)C(C)C,443.15
CC(Cl)Cl,176.19
CCCCCCCC/C=C\CCCCCCCCO,284.65
CC(C)=C=O,175.65
C=CC(C)C,104.66
CCC(CC)CCCC,158.25
CCCCOCCCC,175.3
c1(N)c(Cl)cccc1,271.05
ClP(Cl)Cl,181.15
O1C=NC=C1,191.15
CS(=O)(=O)Cl,242.15
CCCCCCOCCCCCC,230.15
CC(C)NC(C)C,176.85
[Ge],1210.4
c1(C)c(C)cc(C)c(C)c1,352.384
C/C(c1ccccc1)=C\C,243.09
CC=O,149.78
[P],870
NCCNCCN,234.15
[Zn],692.73
CC(C)(C)CC(C)(C)c1ccc(O)cc1,358.55
CCCCCCCCOC=O,234.05
c1c(C(=O)OC)cc(C(=O)OC)cc1,341.5
O=C=NCCCCCCN=C=O,206.064
CC(C)(C)CCC(C)C,167.39
CCCCCCCCCCCCCCN,311.34
C(Cl)(Cl)(Cl)Cl,250.33
CCCOC(=O),180.25
C(Br)CCCCCCCCCCC,263.45
COC(C)C,127.93
c1(CCCCCCCCCCCCCCC)ccccc1,295.15
CC(=O)OC=C,180.35
CC(=O)OC(C)OC(=O)C,292
C=Cc1ccc(C(C)(C)C)cc1,236.25
c1(C(=O)OC)c(C(=O)OC)cccc1,274.18
CCCCC=O,191.59
c1(N)ccccc1,267.12
C1CCCCC1(CCCCCCCCCC),271.3
CC(C)(O)CC(=O)CC(C)(O)C,330
C1=CC(C)CC1,169
c1(N)ccccc1,267.12
FC(=O)F,161.89
C=C(C)CCCCC,186
FC(Br)(Cl)F,113.65
CC(=O)CC(=O)OCC,234.15
CCCCCCCCCOC(=O)c1ccccc1C(=O)OCCCCCCC,240
NCCN,284.29
CC(O)CCCCC,220
c1(O)ccc(Cl)cc1,316
CC(C)(c1ccccc1)C(C)(c2ccccc2)C,392.15
O=O,54.361
CC(C)CCCCCC,193.05
CC(=O)CCC,196.27
c1(C)c(C)cc(CC)cc1,206.22
N1(CC2)CCN2CC1,434.25
ClCC(Cl)CO,244
OC(=O)CCCCCCCCCCCCC(=O)(O),399.15
CN,179.69
C(C)(Cl)(C)C,247.75
CCCCCCCCCCCCCCCCCCCCCCCCCCCCCCCC,342
C=C[Si](OC)(OC)OC,176.15
CC(C)CC(C)C,153.912
CCCCNCCCC,211.15
OCCN1CCOCC1,271.55
O=[Fe]O[Fe]=O,1870
F[Si](F)(F)F,186.35
c1cccc2c1(cc(CC)cc2),265.75
c1(C)c(C)c(CC)c(C)cc1,260.1
c1ccccc1,278.68
O=C(OC)CCCCCCC/C=C\C/C=C\CCCCC,233.93
CC(C)(C)CCCCCCCCS,257
C=C(C)C(=O)OCCCCCCCCCCCCCCCC,288.15
CCCCCCCCCCCCO,296.95
c1(O)c(CC)cccc1,270
c1c(C(=O)OCCCCCCC)c(C(=O)OCCCCCCC)ccc1,240
c1(C(F)(F)F)c(Cl)cc(Cl)cc1,247.55
c1(C(C)(C)C)ccccc1,215.27
II,386.75
O1C(=O)C=CC1(=O),326
O=S(O)(O)=O,283.46
CCOCC(C)C,160
CCCCCCC(C)(C)S,230
ClC(F)(F)C(F)(F)Cl,180.62
CC(C(=O)O)OC(C(=O)O)C,385.65
CSC(C)(C)CC,195
ClCC1CO1,215.95
c1(N)c(N)cccc1,376.95
CC(=O)OCC(C)C,174.3
OC(C)(C)C(=O)OC,239.9
ClC(Cl)(Cl)C(F)(F)F,288
NCCO,283.65
[Bi],545
CC#CCC,164
FC(F)(F)F,89.4
CC=C=CC,147.5
OCCOCCOCCOCCC,230
C(c1ccccc1)(O)CC,269.6
N1(CC)CCOCC1,210.15
CC(=O)CCCCC,237.65
COC(C)OC,159.95
CCC=O,165
CCCCCl,150.05
C1CCCCC1CC(C)C,178.35
OCCCCCCCCCCO,345.7
C1N(CCCN)CCN(CCCN)C1,288.15
c1ccccc1CC(=O)OCC,243.75
CC(C)CCCC(C)CC,220
c1(Cl)cc(Cl)cc(Cl)c1,337
c1(N)c(CC)cccc1(CC),276.65
CCCCC(CC)CCO,240.1
c1(C)c(C)c(C)c(C)cc1,267
C=CC(C)C=C,132
C1CC1N,237.7592
CCCC(=O)O,267.95
C1(OO)CCCCC1,253.15
CCCCCCCN,254.15
c1(C(=O)Cl)cc(C(=O)Cl)ccc1,317
CCCCCCCCCCC(C)CO,271
OCCCO,245.5
CCC(=O)OCCC,197.25
Cl[Si](Cl)(Cl)Cl,204.3
OC(=O)CCCCCCCCCCC(=O)O,401.15
CCCCOCCOCCOCCOCCO,268.8
CCCCCCCC(CO)CCCC,271.2
c1ccccc1(c2c(c3ccccc3)cccc2),329.35
C1OCOCO1,334.65
c1ccccc1(NC(=O)C),387.65
OO,272.725
CCCCC(CC)C(=O)O,155.15
CC1CCCS1,172.44
OCCOCCOCCO,265.95
CCCCOCC,170.15
OCC(=O)O,352.65
ClCCOCCCl,226.15
C1[C@](O)([H])(CC[C@@](C)([H])(C1)),265
CC(C)C(C)CCCCC,163
C=CC(=O)O,286.15
C[Si](C)(C)O[Si](C)(C)C,204.93
C=C=CCC,135.89
CC(=O)OCCC,178.15
C(C\C(=C\C(C)(C)C)C)(C)(C)C,218.3
CCN(C)CC,130
CCCCCCCCCCCCCCCCCC(=O)O,342.75
C1C2CCC1CC2,360.8
c1ccccc1(C(C)(C)OO),264.26
c1(N(C)C)ccccc1,275.65
CCCCCCCCCCCCCCCCCCCCCCCCCCCC,334.35
CSC(C)(C)C,191
CCCCCOC=O,199.65
CC(C)C(C)CCCCCCCCC,217.7
c1(CCC)ccccc1,173.55
c1cccc(C=C(C)S2)c21,324.65
N1CCCCCC1=O,342.305
OOCCCC,213
O1C=CCCC1(OC),255
c1(CC(C)C)ccccc1,221.7
C=CCOCC1(OC1),223
C1=CC2=C(C=C1)CCC2,221.74
C1CCC(=O)N1,297.15
CC(C)C(=O)OCC(C)(C)C(C(C)(C))OC(=O)C(C)(C),203.15
C=CC=O,185.45
CCC(C)OC(=O)C=C,210
FC(F)(F)CF,172
NCCCN,262.37
ClC(Cl)(Cl)CF,170
OCC(C)CO,219.15
O=C=O,216.58
[P],870.15
CCCCOCC(O)C,193.15
CCCCCCO,228.55
c1(C(C)OC(C)CO)ccccc1,315.7
O=CC(C)CCCCCC,244.5
CCCCCCOCCO,228
C1=CC2=C(C=C1C(=O)OC)C=CC(=C2)C(=O)OC,464.5
c1(F)ccccc1,230.94
FC(F)C(F)(F)F,170.15
CCCCCC=O,214.93
CC(O)COC(C)COCC(O)C,228.15
CC1OCCO1,212.1
c1ccccc1(CC),178.2
ClC(F)(F)C(F)(F)C(F)(F)Cl,148
c1(C)c(C)c(C)c(CC)cc1,260.15
C1=CC2=C3C(=C1)C=CC1=CC=CC(=C31)C=C2,423
O=[N+]([O-])c1cc(cc([N+]([O-])=O)c1O)[N+]([O-])=O,395.3
CCCCOCCOCCOC(=O)C,240.95
CC(=O)C(C)(C)C,221.74
c1(F)c(F)c(F)c(F)c(F)c1(F),278.25
CC(C)CNCC(C)C,203.15
C/C=C/CCCCCCCCCCCC,263
CC(Cl)C(Cl)C,193.15
c1ccccc1(CCCCCCCCCCC),268
N(O)=C(CC)C,243.65
BrCBr,220.6
c1(N)cc(Cl)c(Cl)cc1,344.65
COc1cc(cc(OC)c1O)C=O,386.15
O1CC1COCCC[Si](OCC)(OCC)C,207
CCCC(=O)OC(=O)CCC,199.85
C=C(C)C(=O)OCCO,261
CC(C)CC(=O)O,243.85
C1(Cl)=C(Cl)C(Cl)(Cl)C(Cl)=C1(Cl),283.65
CCCCCCCCCS,253.05
CO[Si](OC)(OC)OC,273.85
c1(Cl)c(Cl)cc(Cl)cc1,290.15
CC(=O)COC,231.5
CCCCCCC(=O)O,265.83
CCCC(=O)OC,187.35
C=C(c1ccccc1)CC,234.81
c1(CC)cccc2ccccc21,259.34
N1N=CC=C1,342
ClC(F)F,115.73
NC(=O)NC,373.8
COCCOCCO,208.15
O=C(OCC)CCCCCCC,229
C/C=C/C#N,222
C(c1ccccc1)(c2ccccc2)Cc3ccccc3,328
c1(CC)c(CC)cc(CC)cc1,195.15
C1C(=O)[C@@]2(C)(CCC1C2(C)(C)),453.25
c1cccc(cc(CC)s2)c21,282.35
C=C(C)CCCCCCC,208.33
O=S=O,200
CCS,125.26
C1=CC2=C(C=C1)SC1=C2C=CC=C1,372
O=C(OC)CCCCCCCCCCC/C=C\CCCCCCCC,271.95
C#CCC=C,181.72
[Be],1560
FC(F)F,117.97
c1(OC)c(O)ccc(C(=O)C)c1,387.65
ClC(=O)OCC,192
C/C=C\CCC,132
Nc1ccc(cc1)N=Nc2ccccc2,401
CCOCCO,214.15
C[Si](C)(C)O[Si](C)(C)O[Si](C)(C)O[Si](C)(C)O[Si](C)(C)O[Si](C)(C)O[Si](C)(C)O[Si](C)(C)O[Si](C)(C)(C),202.15
C1CC1C(=O)N,398.15
CC(C)(C)OC(=O)C(=C)C,225.15
CC(C)(C)OOC(C)(C)C,233.15
[Al],933.45
CC(C)C1C=CC(=C)CC1,196.44
NCCNCCNCCN,285.15
CCCCCCCCCCCCS,265.15
CCCCOC,157
CC(F)(F)CC(C)(F)F,260
c1(S)ccccc1,258.26
c1(COC=O)ccccc1,265
C/C=C/CCC,140.17
CC(C)COC(=O)C=C,212
N#C/C=C/CCC#N,260.15
[NH4+].[O-]S(=O)(=O)O,420.05
C1=CC2=C(C=C1)C=CN=C2,299.62
CCC(C)C=O,213.15
CCCCOC(=O)/C=C\C(=O)OCCCC,188.15
c1ccccc1Nc2c(N(=O)=O)cccc2,348.15
CC(C)C[Al](Cl)CC(C)C,233.65
C/C=C/CCCCCC,194.6
c1(C=C)cc(C=C)ccc1,206.25
FC(F)CF,189.15
c1(O)ccc(O)cc1,443.7
c1(O)ccc(CC)cc1,318.23
CC(C)C(C)CCC,162.67
OC1CCCCC1,296.6
CCNCC,223.35
SCCC(=O)OC,199.7
OCC(C)CCCC,220
O1COCCC1,228.15
C1=CC2=C(C(C)=C1)C1=C(C=CC=C1)C=C2,324.9
C=CCCCCCCCCCCCCCCCCCCCCCC,318.45
CC(O)CCCC,223
c1(cccn2)c2cccc1,258.37
c12ccccc2c3ccccc3c4c1cccc4,470.97
C(F)(F)(F)C(F)(F)C(F)(F)C(F)(F)C(F)(F)C(F)(F)C(F)(F)C(F)(F)C(F)(F)C(F)(F)(F),309
CCCCOC(=O)CCC,181.15
C[SiH](C)(Cl),162
NCCNCCO,245.15
C=C/C=C/C,185.71
CCCCO,183.85
CC(=O)C=C,188.3
[O-][N+]#N,182.33
C=Cc1cc(C)ccc1,186.81
C12=CC=CC3=C1C(=CC=C3)CC2,366.35
NCCOCCO,260.65
[As],1090
CC/C=C/CCCC,163.15
S1C=CC=C1,234.94
CCCCC(C)C(=O)O,230
CC(F)(F)CC(F)(F)F,238.14
OCCNCCNCCO,373.2
CCCCCCCCCCCCCCC(=O)O,325.68
CCOO,173.15
C1[C@@](O)([H])(CC2=CC[C@H]3([C@@H]4(CC[C@H]([C@](C)(CCCC(C)C)([H]))([C@@]4(C)(CC[C@@H]3([C@@]2(C)(C1))))))),421.65
c1(C(C)C)ccc(C)cc1,205.25
C#C,192.4
CCC(C)(C)C(=O)O,259.15
C1OCCOC1,284.95
C1(O)C(O)C(O)C(O)C(O)C1(O),499.15
CCCCCCCCCCC(=O)O,301.63
c1(CC)c(CC)c(CC)c(CC)c(CC)c1(CC),403.15
c1(C(C)CC)ccccc1,197.717
FCCF,179.6
c1(cc(ccc1)c2cccc(c2)c3ccccc3)c4ccccc4,359.15
CCCCCCCCCC(C)CO,264.3
O=[O+][O-],80.15
ClCF,138
C/C=C\CCCCC,173
[SiH3][SiH2][SiH3],155.75
n1cc(C)ccc1,255.01
CCC(C)CCCCCC,188.35
CCC(C)(CC)CC,182.28
ClC(Cl)(Cl)F,162.04
C1(C)=CCCC1,147
C(Cl)(Cl)(Cl)C(Cl),202.94
C1CNCCN1CCN,255.55
CC(C)CCC(C)C,182
C1CCCCO1,224
CCCI,171.9
COCC,160
FS(F)(F)(F)(F)F,222.45
C1(N)CCCC1,190
CCC#N,180.37
FC(CC[Si](Cl)(Cl)C)(F)F,204.7
CC(C)(O)CO,204.3
c1(N)cc(Cl)ccc1,262.75
COC(=O)CO,264
CCCCCC(=O)CCCCC,287.65
C1[C@@](C)([H])(C[C@]([H])(C)(C1)),139.45
[Si](OC)(OC)(OC)CCCSSCCC[Si](OC)(OC)(OC),250
[K+].[O-]C(=O)[O-].[K+],1174
C=Cc1c(C)cccc1,204.58
ON(=O)=O,231.55
OCCOCCO,264.15
c1cc2Sc3ccccc3Nc2cc1,458.05
C1(C)(O)CCC(C(C)(C)(O))CC1,430.65
OCC(N)(C)C,303.65
CCCCCCCCCOCCCCCCCCC,289.4
CC(=O)[O-].[NH4+],387.15
CSCCC=O,247
C=CC(=O)OC(C)C,190
c1ccccc1(COCC),275.65
OC1C(C)(C)C(O)C1(C)C,404.65
CC(=O)N,354.15
CC(O)COC(C)COCCC,198.15
CC(C)C(=O)OC(=O)C(C)C,219.65
CCCCCC(C)CO,230.6
C=C(C)C(=O)O,288.15
CCOC(=O)C(=O)OCC,232.55
CCCCC/C=C\C/C=C\CCCCCCCC(=O)O,268.15
CCCCCCCCCCCCCCCCCC(=O)OCCCC,299.45
CC(=O)OCC(CC)CCCC,180.15
c1(C(C)C)ccc(C(OO)(C)C)cc1,308.25
C=CCCC(=O)C,206.3
C=CCCCCCCCCCCCCCCCCCCCCCCCCCC,330.65
[Na+].[O-]P(=O)([O-].[Na+])OP(=O)([O-].[Na+])[O-].[Na+],1252.15
[As]12O[As](O1)O2,551
c1(C)ccccc1(Cl),236.65
CCCCCCCC/C=C\CCCCCCCC(=O)OC,253.65
CCCCCCCCCCCCCCCCCCCO,334.85
NCCCCCC(=O)N,323.65
[Si](OC)(OC)(OC)CCCS,200
c1cccc(c(CC)cs2)c21,252.2
O=C(C)C1CCCCC1,239.15
CCC1=C(C=C)C=CC=C1,197.55
C1OC(=O)OC1(C=C),212.5
ClCC(=O)Cl,251.15
FC(F)(F)C(F)C(F)F,170
C(F)(F)=C(F)C(F)=C(F)(F),140.9
OC(=O)COCC(=O)O,421.15
c1([N+](=O)[O-])cc([N+](=O)[O-])cc([N+](=O)[O-])c1,398.4
CC(=O)[O-].[Li+],558
C(Cl)(Cl)CCl,236.5
FC(F)(F)C(F)(F)C,134
OCC(C)CCC,208
C1CCC(=O)O1,229.78
c1(CC)ccc(CC)cc1,230.325
OCC(O)C(O)C(O)CO,367.65
C(F)(F)(F)C(F)(F)C(F)(F)C(F)(F)C(F)(F)C(F)(F)C(F)(F)C(F)(F)(F),250
CCCCCCCCCCCCCCCCCCCC(=O)O,348.23
O=C(CCCCCCCCCCCCC)OCC(OC(CCCCCCCCCCCCC)=O)COC(CCCCCCCCCCCCC)=O,330.15
C=CCCC=C,132.47
C(O)C=O,358.2
C1=CC=C2C(=C1)C=CC2C,186.6
OCCCCCCCCCCCCCCCCCCCCCC,343.92
CC(C)(C)CC(C)C,165.777
CCCCCCC(O)C,241.55
CCCCN(C)C,210
CC(C)C(=O)OC,188.45
c1(C=C)ccc(C(C)=C)cc1,235.47
C1CCCCC1CCCC,198.42
CCN1C=C[N+](C)=C1.S(=O)(=O)([O-])OCC,220
CCCOC(=O)/C=C\C(=O)OCCC,260
ICCCCCC,198
CC=Cc1ccc(OC)cc1,294.5
BrC(Cl)(Cl)Cl,252.15
CC[Cl],136.75
[NH4+].[O-]N(=O)=O,442.75
O=[Si]=O,1696
C1CCCCC1C(C)(C)C,231.98
c1(O)cc(C)ccc1,285.39
CC(O)CC(O)C,325.65
[Fe],1811
C[Si](C)(C)O[Si](C)(C)O[Si](C)(C)O[Si](C)(C)O[Si](C)(C)C,192
C1CCCC1(CC(=O)O),286.65
C1N([N+](=O)([O-]))CN([N+](=O)([O-]))CN1([N+](=O)([O-])),477.8
O1C=CC=C1(C=O),236.65
Cl[V](Cl)(Cl)Cl,247.45
FC(F)OC(F)F,150
C(c1ccc(C)cc1)O,332.65
CC(O)CC=O,232
c1(I)ccccc1,241.83
c1ccccc1(CCl),234.15
[H][H],13.95
CC(=O)C(C)C,181.15
OC(C)CN,274.89
CCCCCOCCOCCO,230
CC(=O)C(C)CC,167.15
CC(C)(C)CC(C)(C)C,206.95
CCC(O)CC,204.15
c1(CCCCCCCCCCCCCCCCCC)ccccc1,309
FC(F)(F)C,161.82
Fc1cc(F)ccc1,214.15
CCCC#N,161.3
CC(=O)C(C)(C)C,222
c1(C)cc(CCC)ccc1,191
C#N,259.86
CO,175.47
C12C3CC(C4)CC5C3CC36C7C5C24CC5C7CC(C6)CC5C13,447.15
CC(=O)CCC(=O)OCC,240.4
[OH-].[Ca++].[OH-],1381.15
CC(=O)C,178.45
CN(C)CCN(C)C,218
C(Cl)=C(Cl)Cl,188.4
C=C(C)CCCC,170.28
CCCCCCCC/C=C\CCCCCCCC(=O)OCC(O)CO,308.2
CC(C)CC(=O)OCC,173.85
CCCCOC(=O)c1ccccc1,251.65
CCCCCCCCCCCCCCCCC(=O)O,334.25
C1(C)=CCC(=C(C)C)CC1,224.33
FC(F)(F)C(F)C(F)(F)F,142
c1ccccc1C(C)c2ccccc2,255.2
c1(Br)ccccc1,242.43
C=CCC(C)CC,131.7
CC[Al](CC)CC,220.65
CCCCCCCCCCCCCCCC(=O)OCC,297.15
OC/C=C\CO,284.15
CCCCCCCCCCCCCC(=O)O,327.37
CC/C=C/C=C,207.17
[Si](OCC)(OCC)(OCC)CCCSSCCC[Si](OCC)(OCC)(OCC),270
CCCCCS,197.45
CC(O)COCCC,193.15
C1=CC=CC=CC=C1,268.5
OCCOCCOCCOCCCCCC,247.05
C1(CC2C=CC1C2)C=C,193.15
CCCCCCCCOC(=O)CCCCC(=O)OCCCCCCCC,280.65
CSCCCC,175.3
O=C(OC)CCCCCCC,236.2
CO[Si](OC)(OC)CCCCl,139.15
CCCCCCCCN,273.37
c1ccccc1(c2cc(c3ccccc3)ccc2),360
O=C(OCC(CCCC)CC)c(cccc1)c1,201.15
CCCCC(=O)OCCCC,180.35
C1(F)(F)C(F)(F)C(F)(F)C1(F)(F),232.96
c1(N(C)[N+](=O)[O-])c([N+](=O)[O-])cc([N+](=O)[O-])cc1([N+](=O)[O-]),403
c1cc2c(cc1)C(=O)OC2,345.65
CC(C)COC(=O)C(C)C,192.5
C(C)(C)(C)C(=O)OCC,183.6
C(C)(C)(C)OC(=O)CC(=O)C,235.15
[Na+].[F-],1269
OC(=O)CCCCCCCC(=O)O,381.25
COC(=O)C1CCC(C(=O)OC)CC1,278.67
N#CCC(=O)OC,260.08
[NH4+].[O-]C(=O)O,380.65
CCCCCCCCN(CCCCCCCC)CCCCCCCC,238.55
c1(C)cc(C)ccc1,225.3
c1(C(=O)C)c(O)cccc1,278
C=C(C)CCCCCC,195.42
CCSCC,169.2
FC(Br)(Br)F,163.05
N#CCC#N,304.9
CC(C)(C)C(C)CC,160.89
CC(O)(C)CC(O)C,223.15
CC(C)CC(=O)OCCC(C)C,215
CCOCC(C)OCC(C)OCC(C)O,257
CC(C)(C)SC(C)(C)C,264.15
C=CCCCCCCCCCCCCCCCCCCCCCCCCCCCCCCCCCCCCCC,355.7
CC(=O)Cl,160.3
C=CC1=CC=C(CC)C=C1,223.42
c1(N(=O)=O)cc(Cl)c(Cl)cc1,315.65
N1(CCN)CCOCC1,298.75
CCC(O)C(C)CO,240.2
CCCCCCCCCCCC,263.568
O1[Si](C)(C)O[Si](C)(C)O[Si]1(C)?,337.15
C1CC(C)C2CCCCC2C1,231.3
C[Si](C)(Cl)Cl,197
CC(=O)OCC=C,138
c1c(C(=O)OC)cc(C(=O)OC)cc1,342
CC(C)CCCC,154.9
N#C/C=C\CCC#N,249
ClCCCl,237.49
O1[C@]([H])(O)([C@]([H])(O)([C@](O)([H])([C@]([H])(O)([C@]1(C(O))([H]))))),419.15
C(Cl)(Cl)(Cl)C,243.1
CBr,179.44
CCCCCCCOC(=O)c1cc(C(=O)OCCCCCCC)ccc1(C(=O)OCCCCCCC),339
C=CC(=O)OC,196.32
CC(I)C,183.15
CC[Si](Cl)(Cl)Cl,167.55
C[O-].[Na+],573
c1(N(C)C)ccc(C(=O))cc1,348
CCCCCCl,174.15
OOC(=O)C,272.95
CI,206.7
CCSCCC,156.12
c1c(C(=O)OC)ccc(C(=O)OC)c1,413.798
c1cc(C)ccc1(C(=O)O),452.34
CN(C)CCO,214.15
c1(C(C)OCC(O)C)ccccc1,294
c1(C)c(CC)cc(C)cc1,219.52
C(O)CC(c1ccccc1),255.15
C/C=C\CCCCCCC,207
CCOC(=O)C(C)=C,200.75
CCCCCOC(=O)CCC,199.95
c1ccccc1(COCc1ccccc1),276.75
CCCCSCCCC,198.1
c1(CCCCCCCCC)cccc2ccccc21,281.15
C1C(C2C=CC1C2)CC,190
CCCCCCCCCCCCCCCC,291.308
C/C=C/C=C/C,228.25
c12ccccc1cccc2(Br),279.35
c1(C)cc(C)cc(C)c1,228.424
CC(O)COCC(O)C,233
c1(C(=O)O)cc(OC)c(O)cc1,483.65
BrBr,265.9
c1ccccc1(CCCCCCCCCCCC),275.927
C(Cl)C(Cl)CC,210
O=C(C(=O)C)C,270.15
CC(C)C(=O),208.15
CCCNCCC,210.15
c1(C(C)(C)C)cc(C(C)(C)C)cc(C(C)(C)C)c1,345.7
C=C=CC,136.95
CSSC,188.44
BrCCBr,282.94
BrC(F)(F)C(F)(F)Br,163
C(F)(F)(F)C(F)(F)C(F)(F)C(F)(F)C(F)(F)C(F)(F)C(F)(F)(F),222
n1(C)cccc1,216.91
C#CCCC,167.45
c1(CC=C2)c2cccc1,271.7
c1ccccc1(C(=O)O),395.52
c1ccccc1(OC),235.65
CCCC(=O)CCCCC,247.6
ClC(Cl)C(=O)O,286.55
O=C(N)c(cccc1)c1,403
c1(O)cc(C)ccc1(C(C)(C)),322.35
CCCCCCC,182.57
C=C/C=C\C,132.35
C/C=C\CCC,132
S=C=S,161.11
CCOC(=O)CC(=O)OCC,224.25
CC(C)(C)CCCCC,160.15
C1=CCCCCC1,217.15
CCCCCCCCC(=O)OCCCC,235.15
CCCCOCCO,199.17
C1=CCC(C=C)CC1,164
C=CC1CCCCC1,146.39
CC(=O)OCCOCC,211.45
[Na+].[O-][Cr](=O)(=O)O[Cr](=O)(=O)[O-].[Na+],629.85
CCC(=O)CCC(C)C,233.5
[Sn](Cl)(Cl)(Cl)(Cl),239
FC(F)(F)C(F)(F)OC,153.1
OCC(C(O))(C(O))CO,538.65
c1(C(=O)OCCCC)c(C(=O)OCCCC)cccc1,238.15
COC(C)CC,167.5
C#CCCCC,141.25
CC(C)C#N,201.7
N1C(C)C1,208.15
OCC(C)C,165.15
CCCS(=O)(=O)CCC,303
n1c(cccc2)c2cc(cccc3)c31,383
COCC(C)C,188.2
[Na+].[C-]#N,836.85
O=C(O)CCCCCC(O)=O,378.15
c1([N+](=O)[O-])cc([N+](=O)[O-])ccc1,363.23
Cc1ccc(S(=O)(=O)O)cc1,311
CC(C)(C)C(C)(C)CCC,219.15
N(c1ccc(N(=O)=O)cc1)(c2ccc(N(=O)=O)cc2)(c3ccccc3),480
COCCOC,215.15
CC(=O)CCCCCC,253.41
C1CCCC=C1CC=C,199
C=CCOC(=O)C=C,197
C(c1cc(C)ccc1)O,252
CC1=NC(=CC=C1)C,267
CC(O)COCC(O)C,233
C=CCN,184.95
Fc1ccc(F)cc1,260.15
CC#CC=C,249.75
CCI,162.1
C=CC(=O)OCCO,213
O=C1OCCN1,361.65
C1(C)(C)C(=C)C(C2)CCC12,320.15
c1(O)cc(O)ccc1,383.65
C=C[Si](C)(Cl)Cl,178.15
O=[N+]([O-])c1cccc([N+]([O-])=O)c1O,335.15
c1(N=C=O)cc([Cl])c([Cl])cc1,314.65
CCCCCCCCCCCCCCCCCC,301.31
CCOCCOCCO,219.15
CC(=O)CC(=O)O,310.65
C1C(C)OC(=O)O1,223.95
CC(=O)C(C)CC,167
CCCCC(CC)CC=O,237.9
C1=CC=CCC1,161
CCCC(=O)CCC,241
CC(=O)Nc1ccc(O)cc1,440.65
c1c(CCCCOO)cccc1,266.7
CC[Ga](CC)CC,190.85
C=CBr,135.35
c1(C(C)C)cc(C(C)C)ccc1,210.02
[Si](C)(OC(=O)C)(OC(=O)C)OC(=O)C,313.65
C1CC1,145.59
CCOS(=O)OCC,215
C1=CCCCCCC1,214.15
CCCCC(CC)COC(=O)CCCCC(=O)OCC(CC)CCCC,205.35
c1(C(F)(F)F)ccccc1,244.14
C=C(C)C(=O)N,383.65
C1C[C@@]2(CCCC[C@]2(CC1)([H]))([H]),242.79
c1(O)c(Cl)cccc1,282
N(C1CCCCC1)(C2CCCCC2),273.05
CCC(=O)[O-].[NH4+],380.15
NCCNCCO,245.15
O=C(OCC)CCCCCCCCCCC/C=C\CCCCCCCC,276.4
C=C=CCCC,145
CCCN(CCC)CCC,179.65
C/C=C\CCCCCCCCC,233
COS(=O)(=O)OC,241.15
ClC(Cl)C(=O),223
CC(C)C(=O)O,227.15
OCCCC=O,242
NCCCCCCO,331
c1c(C)ccc2cc(C)ccc21,384.55
[N+](=O)([O-])C([N+](=O)[O-])([N+](=O)[O-])[N+](=O)[O-],287.05
c1(C(=O)O)cc(C(=O)O)ccc1,619.15
c1ccccc1(C(=O)c1ccccc1),321.35
CC(Br)C,184.15
CSCCCCC,179.15
CC(C)CS,128.31
ClC(Cl)C(F)(F)F,166
C1(CC)CCC(CC)CC1,202
c1(C(=O)OCCCCCCC(C)C)c(C(=O)OCCCCCCC(C)C)cccc1,219.15
O=C=NCCCCN=C=O,231.11
C(ON(=O)=O)(CON(=O)=O)(CON(=O)=O),286.15
C/C=C/C,167.62
CC[Si](Cl)(Cl)CC,174.1
c1(N(=O)=O)c(Cl)ccc(N(=O)=O)c1,326.55
NC(=S)N,454.15
S1(=O)(=O)CCCC1,300.55
C1CCCCCC1,265.12
C1CN1,195.2
C=C(C)CC(C)(C)C,179.7
c1(C(=O)OCCC)ccccc1,222
CC=CCOCCO,208.1
C=CCCCCCCCCCCCCCCCCCCCC,310.95
CC(=O)OCCC(C)C,194.65
CCCCCCCCCO,268.15
c1(C=C)ccc(O)cc1,346.65
C/C=C\CCCC,149
CC(C)C[Al](CC(C)C)CC(C)C,277
OCCSCC,173
c1ccccc1/C=C\C,211
C1=CCCC=CCCC=CCC1,256.35
C12C(C([OH])=O)CCC1CCC2,312.9
CCCCCCCCCCCCCCCCCO,327.05
CCCC[N+](=O)[O-],192
c1(O)c(O)c(O)ccc1,406.15
c1(C)ccc(C)cc1,286.402
CCCCCCCCC=O,267.3
C(c1ccccc1)C(O)C,256
C#N,259.86
ClCC(O)CO,233
CC(=O)OC(=C)C,180.25
C=CC(Cl)CCl,212
FC(F)(F)C(F)(F)F,172.15
c1(C)ccc(N)cc1,316.9
C(Cl)C(Cl)C(Cl),258.45
CC(C)OCC(C)C,180
CC(C)[C@]1(C(=O)N(C2=CC=CC=C2S1)C)C3=CC=CC=C3OCCCCN4CCN(CC4)CCC5=CC(=C(C(=C5)OC)OC)OC.Cl.Cl,59.15
Cl[As](Cl)Cl,257.15
C1(N)=NC(N)=NC(N)=N1,625
CCCCC(C)CCCO,240.1
c1(CCCCCC)cccc2ccccc21,255
c1(C)ccc(CCC)cc1,210
c1(O)cc(Cl)ccc1,306
BrCC(Br)C,217.95
C[Si](C)(Cl)C,215
ClCOCCl,231.65
C/C(c1ccccc1)=C/C,249.65
c1(N)c(CC)cccc1,226.55
CC(C)CCC(C)CCC,189
[OH-].[Al+3].[OH-].[OH-],573.15
C=C(Cl)Cl,150.59
c1cc(O)ccc1(C=O),390.15
CCCCCCCCCCCCCCCCCCCCCCCCCCC,332.15
S(Sc(cccc1)c1)c(cccc2)c2,333.5
N#CCCCC#N,244.21
C1(=NO)CCCCC1,363
CCCC(C)CCC,152.2
C1(Cl)(F)C(Cl)(F)C(F)(F)C1(F)(F),249
CN(C)C,156.08
OCC1OCCC1,193
C1CCCCC1(Cl),229.34
CC#CC,240.91
C1=CC(=O)C=CC1(=O),388.85
CC(=O)OCC,189.6
C1(=O)OCCCCC1,271.85
C=C(C)C=C,127.27
ClCC(=O)OCC,247
OCCO,260.15
c1(C)cc(C)c(N)cc1,258.85
c1(N)ccc(N)cc1,413
c1(c2ccccc2)cccc2ccccc21,318.15
CC(C)CCCCC(C)C,219
S1C(C)=CC=C1(C),210.58
c1(C)cccc(cc(C)s2)c21,341.5
CCCCCCCCCCCCCCCC(=O)OCC(COC(=O)CCCCCCCCCCCCCCC)O,346.35
CN1CCCC1,183.15
O(C(CC1)C)C1,137.15
CCCCCCOC(=O)C,192.25
COCCOCCOC,209.11
c1(C(C)C)c(C(C)C)cc(C(C)C)c(C(C)C)c1,391.65
c1(CC)cc(CC)ccc1,189.259
CC(C)CC(C)CC(=O)CC(C)C,198
C1C[C@]2(CCCC[C@]2(CC1)([H]))([H]),230.2
[Si],1685
CCCCCCCCC(CCCC)CO,278
CC(C)(C)S,274.26
c1c(C(=O)OCCCCCCCCCC)c(C(=O)OCCCCCCCCCC)ccc1,220
C1=CC=CC2=C1S(=O)(=O)NC2(=O),502.75
CCOCCOCCOC(=O)C,248.15
CCCCCCCCCC=O,285
C=CCOC(=O)c1ccccc1C(=O)OCC=C,203.15
CC(C)=CC=C(C)C,286.8
O=C(OC)CCCCCCCCCCCCCCCCCCC,319.48
CC(=O)[O-].[K+],577.15
c1(CC)c(CC)c(CC)c(CC)c(CC)c1,205
[Cu+].[Cl-],703
O=C(Oc2ccccc2)c1c(O)cccc1,314.85
CCCCCCCOC=O,226.75
C=C(CC)CCCC,190
C=CCC#N,186.15
CCCCCCCCCCCCCO,303.75
c1(CC)cc(C)ccc1,177.61
NCCN,284.29
CC(=O)OC(C)COC,205
[Ag],1234
CCC(O)CCC,208.5
C=CCCCCCCCCCCCC,260.3
Cl[Si](Cl)(Cl)[Si](Cl)(Cl)Cl,272.15
C[C@@H]1CC[C@@H](C)[C@H]1C,161.15
CCCCCCCC=O,251.65
O=C(O)CCCCCCCCCCC\C=C/CCCCCCCC,307.15
CC(=O)OCCOC(C)=O,242.15
CC(=O)CO,256
C(F)(F)(F)C(F)(F)C(F)(F)C(F)(F)C(F)(F)C(F)(F)(F),185
[SiH3][SiH2][SiH2][SiH3],183.25
C=CCCC,108.016
CCC(C)C(C)CC,161.9
CCCCOC(=O)CCCCCCCCC(=O)OCCCC,263.95
OC[C@@H](O)([C@@](O)([H])([C@@](O)([C@](O)([H])(CO))([H]))),369.157
CCC(C)CCCCCCCCCC,235.65
C1(CO)CCC(CO)CC1,320.65
CC(S)(C)CC(C)(C)C,199
C=C(C)C(C)(C)C,163.3
COCCOCCOCCOCCOCCOC,261.6
C/C=C\CCCC,149
C1=CC(=C(C=C1N=C=O)N=C=O)C,287.04
ClCl,172.12
c1ccccc1(CC),178.2
CC[Si](CC)(CC)CC,190.65
C=C(Cl)C=C,143.15
c1(C(C)(C)C)ccc(C(C)(C)C)cc1,350.76
CC(C)(C)C(C)C,248.57
C(CON(=O)=O)(CON(=O)=O)(CON(=O)=O)(CON(=O)=O),413.65
C1C2CC3(CC1CC(C2)(C3)C)C,248
CC#N,229.315
c1ccccc1(CCCCCCCC),237.15
FC(F)(F)SC(F)(F)F,154.15
[Na+].[O-]P(=O)([O-].[Na+])OP(=O)([O-].[Na+])OP(=O)([O-].[Na+])[O-].[Na+],924.15
FC(F)C,156.15
C1C=C(C)C2C(C3)C(C)=CC3C21,220
C/C=C(C)\CC,138.31
CN=C=O,178.473
CC(O)COC(C)COCCCC,198.15
c1ccccc1c2ccc(N)cc2,326
C1CCCCC1C(C)C,183.76
CC(C)(C)C(CC)CC,173.68
c1(O)ccccc1(OC),304.65
c1c(C(=O)OCCC)c(C(=O)OCCC)ccc1,242.15
OCCCO,245.5
c1(Cl)ccccc1(Cl),256.15
FS(=O)(=O)O,184
N#CCC=CCC#N,349
n1c(C)cccc1,206.44
c1(C(=O)OCCCC)c(C(=O)OCCCC)cccc1,238.15
FC(F)(F)S(F)(F)(F)(F)F,186.25
CC/C=C\C/C=C\C/C=C\CCCCCCCC(=O)OCC(OC(=O)CCCCCCC/C=C\C/C=C\C/C=C\CC)COC(=O)CCCCCCC/C=C\C/C=C\C/C=C\CC,248.15
c1c(C(=O)OC)cccc1,260.75
C=C=C(C)C,159.53
O=C1C=CCO1,278.15
c(ccc(c1)C=C)(c1)C=C,304.1
CC(C)SC(C)C,195.07
c1c(C(=O)OCCCCCC)c(C(=O)OCCCCCC)ccc1,233
Oc1ccc(C)cc1OC,278.65
C1(N=C=O)CCCCC1,193.15
[K+].[I-],954
c1([N+](=O)[O-])c(C)cc([N+](=O)[O-])cc1,323
CCCCOC=C,181.15
C[Si](C)(C)O[Si](C)(C)O[Si](C)(C)O[Si](C)(C)O[Si](C)(C)O[Si](C)(C)O[Si](C)(C)O[Si](C)(C)C,210
S1C=CC=C1(CCC),210
C1=CC=C2C(=C1)C=CC2C1=CC=CC=C1,310.65
c1(N)cc(N)c(C)cc1,371.25
C=C(C)C(=O)OCCCC,197.78
c1(SC=C2)c2cccc1,304.5
CC(C)CC(C)CC,153.02
OCCCC(O)C,243.6
c1(CCCCCCCCCC)cccc2ccccc21,288.15
FN(F)F,66.46
CCCCCNCCCCC,240.15
OCCCCO,293.05
c1c(C(=O)OCCC)c(C(=O)OCCC)ccc1,242
OC(C)CO,213.15
CC(C)CCCCCCCO,213.15
COCC(C)OCC(C)OC(=O)C,245
CC(C)C(C)CC,141.23
C/C=C\C,134.26
C=CCNCC=C,185
CCN(CC)CCO,253
O=C(O)CCCCCCCCC(O)=O,406.25
C=CCCCCCC,171.45
CCCCCOCCO,214
C=C(C)C(C)=C,197.15
CC(O)C(O)CO,273
S1C=C(C)C=C1,204
C#CCCCCCCCC,229
SCC(=O)O,257
COC(=O)CCCCCCCCCCCCCCCCC,312.15
OCCCCC(C)C,220.6
C1(CCC=CC)=CC=CC=C1C,249.9
SCCS,232
CCOCOCC,206.65
C1(=O)C=CCCC1,220.2
c1(NC)ccccc1,216.15
c1(C)c(C(C)(C))ccc(O)c1,384.15
CCCCCCCCCCCCCC,279.01
C/C=C\CCCCCC,194.6
C1N(C)C(=O)N(C)C1,281.35
C1(C)OC(C)OC(C)O1,285.75
CC(=O)C(=O)O,287
C1(C(=O)O)CCC(C(=O)O)CC1,583
C=COC(=O)CC,192.05
C=CCCCCCCCCCCCCCCCCC,296.55
c1(C)ccc([N+](=O)[O-])cc1,324.75
CCCCCCCC/C=C\CCCCCCCC(=O)OCC(O)COC(=O)CCCCCCC/C=C\CCCCCCCC,298.55
O=C(C=C)OCCCCCCOC(=O)C=C,279.1282
CC(C)C(=O)OCC,185
c1ccccc1CCc2ccccc2,324.333
CCCCCCCCNCCCCCCCC,288
C1CCCc2ccccc21,237.4
c1ccccc1(CO),257.85
C=CCCC(C)C,148
c1(NN)ccccc1,292.35
CCCCCCCCCCCCN,301.47
C=CC(C)OC(=O)C,199.8
BrC(Br)Br,281.2
c1c(C(=O)OCC)cccc1,238.45
CCCCCCCCCCCCC=O,323.78
CC1C2=CC(C)=CC=C2OC=1,257.7
[Na+].[O-]S(=O)S(=O)[O-].[Na+],327.59
CCCCC(C)C=O,230
C(O)C(c1ccccc1)C,257
CC(=O)CCCCCCC,265.65
n1ccc(C)cc1,276.8
CC(C)=CC,139.39
C=CCCCCCCCCCCCCCCCCCCCCCCCCCCCC,335.55
C1[C@@](C)([H])([C@]([H])(C)(CC1)),219.26
CCc1ccc(CCc2ccc(CC)cc2)cc1,343.15
CC/C=C/CCC,136.52
NCCNCCNCCNCCN,243
C1=CC2=C(C=C1)C=C1C(=C2)C=C2C(=C1)C=CC=C2,630
CCCCCCCCCCC,247.571
CC(C)C(=O)OCC(C)(C)C(O)C(C)C,223.15
c1ccccc1([Si](Cl)(Cl)C),229.65
c1(Br)cc(Br)ccc1,266.25
c1(C)cccc(c2cccc(C)c2(S3))c13,426
c1(O)c(OCC)cc(C=O)cc1,350.65
C1(Cl)=C(Cl)C(Cl)=C(Cl)S1,301.97
CC1=CSC=C1C,216
C=CCC=C,124.86
C=C(C)C(=O)OCCOC(=O)CC(=O)C,243
ClC(F)=C(F)F,115
CC(C)C(C)CCCCCC,155.45
C1=CCC=CC1,223.95
CC(=O)NC,301.15
C1[C@](O)([H])(C[C@@](C)([H])(CC1)),272.65
c1(C)c(N)cccc1,256.8
OCC(O)CC,220
CCC,85.47
P(=O)(O)O,347.55
CC(=O)CC,186.46
CC(C)(C)NC=O,289.15
C=CCCCCCCCCCCCCCCCCCCCCCCCCCCCCCCCCCC,347.05
C[Si](C)(C)O[Si](C)(C)O[Si](C)(C)O[Si](C)(C)O[Si](C)(C)O[Si](C)(C)O[Si](C)(C)C,195
OC[C@@H](O)([C@@](O)([H])([C@@](O)([C@](O)([H])(CO))([H]))),369.157
c1(CCCCCCCCCCCCCCCCC)ccccc1,305.15
[Ca],1115
CC1CCC(C(C)(C)OO)CC1,288.65
CCCCCCCS,229.92
FC(F)(F)/C(F)=C(F)/C(F)(F)F,138.15
C1=CCCC1,138.13
C(Cl)(C)C,155.97
CCO,159.05
C=CC#N,189.63
COCCOCCO,208.15
C=CCCCCCC(C)C,199
[Cu++].[O-]S([O-])(=O)=O,473.15
c1ccccc1(C=O),216.02
C=CCCCCCCC,191.91
C=COC(=O),180
OCC(C)(C)CO,403.3
c1(C(F)(F)F)ccc(Cl)cc1,239.97
NCCNCCNCCNCCNCCN,243.15
OCCCCCCC,239.15
CCCC(O)C,200
CC(=O)OC(C)CC,174.15
c1ccccc1C(C)(C)c2ccccc2,301.65
c1cc(C(=O)OCCCCCC(C)C)c(C(=O)OCCCCCC(C)C)cc1,226.1
C(F)(F)(F)C(F)(F)C(F)(F)C(F)(F)C(F)(F)C(F)(F)C(=O)O,327.15
C1CCCCN1,262.65
C[Ge](Cl)(Cl)Cl,214
c1ccccc1(C(C)(C)O),309.15
CC(C)(C)CCC,149.34
O=CC1CCC=CC1,177.05
C1CCCC1,179.311
C1CCCCC1(SC1CCCCC1),283.05
c1(CS)ccccc1,244
CCC(=O)OCCCC,183.63
FC(F)(F)C(F)(F)C(F)(F)C(F)(F)F,144.95
CF,131.35
CN(C)C=O,212.72
CCC(CO)(CO)CO,333.15
CC1(CO)OC(C)CO1,269.5
c1(C(=O)C)ccc(O)cc1,382
C=CCOCC=C,178.3
CCCC,134.86
S1CC1,164
[Si]1(C)(C)O[Si](C)(C)O[Si](C)(C)O[Si](C)(C)O1,290.73
CCC(C)(C)CC(C)CC,165
CCOS(=O)(=O)O,289
[Hg+2].S(=O)(=O)([O-])[O-],1123.15
C1C(C2(C)(C))CC2C(C)=C1,209.15
P(=O)(c1ccccc1)(c2ccccc2)(c3ccccc3),432.15
ClC(Cl)(F)F,115.15
c1(C(=O)OCCCCCCC(C)C)c(C(=O)OCCCCCCC(C)C)cccc1,219.15
C1=CC=C2C(=C1)C=C(C2)C,180.4
NCCNCCNCCNCCNCCN,243.15
CCCC(C)(C)C(=O)O,230
C1CC2CCC1CC2,442.65
O=C=S,134.34
C(F)(F)OC,202
C1C2CC3C4C1C1C5C(C4)C4CC(C5)CC1(C2)C34,494.65
C/C=C/CCCCC,185.45
CC(=O)OCCOC(C)=O,242.15
CCOCC(C)OCC(C)O,204
OCCCCO,293.05
C=CCC(C)CCC,167.2
CCCCOC(C)C,180
CC(C)C(C)CCCCCCCC,202.55
B(O)(O)(O),444.1
C=Cc1ccccc1,242.54
C[Cl],175.43
O=N(=O)OCCON(=O)=O,251
C1=CC2=C(C=C1C(=O)O)C=CC(=C2)C(=O)O,640.15
c1(N(=O)=O)c(Cl)cccc1,306.15
CC1OC1,161.22
[PH2](=O)O,299.65
CCCCCCCCC,219.66
c1(C)ccc(C)cc1,286.402
OCC(O)COC(=O)c1ccc(cc1)C(=O)OCC(O)CO,397.4
ClC(Cl)(F)C(F)(F)F,217
C1=C2C3=C(C=C1)C=CC=C3C=C2,363
CCCCCCCCCCO,280.05
CCCCCCCCCC,243.51
O[C@H]1[C@H]2OC[C@H](O)[C@H]2OC1,335.15
c1(C(C)C)cc(C)ccc1,209.44
OC(=O)CCCCC(=O)O,426.55
C1=CC2=C(C=C1)C1=CC=CC3=C1C2=CC=C3,383.33
c1(F)c(F)c(F)c(F)c(F)c1(O),310.62
C1C[C@@](C)(C(=O)O)(C2CCC(C=C(C(C)C)C=C3)=C3[C@@]2(C)(C1)),445.65
OCCO,260.15
CCCCCCCCCCCCCCCCCCCCC,313.35
c1(N)ccc(Cl)cc1,343.05
c1(CCCCCCCCCC)ccccc1,258.77
O=S(=O)([O-])[O-].[Ca+2],222.45
C=C=O,122
CCCCCCCCCCCCCCCC(=O)O,335.66
P(=O)(N(C)C)(N(C)C)(N(C)C),280.15
C1(CC)CCCC1,134.71
C(c1ccccc1)(c2ccccc2)(c3ccccc3)c4ccccc4,561
C1CCCC1(C(C)C),161.79
Cl[SiH2]Cl,151.15
C2CCC1CCCC(CC)C1C2,240.8
C[Ga](C)C,257
n1ccccc1,231.53
CCC(C)CCCCCCCCCC,213.65
CC(OC)CO,216
C1C=COC1,176
CCCCCCCCCCCC=O,315.15
CC(=O)OC(=O)C,200.15
c1ccccc1C(Cl)Cl,257
C1=CC=C2C(=C1)C=C1C(=C2)C=CC=C1,488.93
CCC(=O)OCC,199.25
[Ca++].[O-]C(=O)[O-],1612.15
c1ccccc1/C=C/C(=O)O,406.15
CC(C)CCCCCCC,198.5
CCCCCCCCCCCCCCCCCCCCCCCCCCCCCCCCCCCC,349
FC(F)C(F)F,172
FC(F)(F)C(=O)O,257.9
CC=NO,320
SCCO,200
CNC,180.96
c1ccccc1(CO),257.85
c1(NCC)ccccc1,210
S=C=S,161.11
C1CCCCC1C2CCCCC2,276.78
C1CC2[C@](CO)(C)(CCC[C@]2(C)([C@](CCC(C)=CCO)([H])(C1(=C)))),379.55
CCCC(=O)OCC,175.15
c1ccccc1(OCC),243.63
CCN1CCCC1=O,266.7
CC(C)N,177.95
c1ccccc1C(c3ccccc3)c2ccccc2,365.3
FC(F)(Cl)C(Cl)(Cl)Cl,313.75
c1(C(=O)O)ccc(C(=O)O)cc1,700.15
CC(C)(C)OC(C)CO,253
C=CC(C)CC,120.2
c1(CC)ccc(cc(CC)cc2)c2c1,322
CCOCCC(=O)OCC,218
CN1CCCCC1,223.15
c(c(c(cc1)ccc2)c2cc3)(c3cc(c4ccc5)c5)c14,449.6
C[Si](C)(C)C,174.07
C=C,104
c1ccccc1(C2CCCCC2),280.14
ICI,279.25
c1(C)ccc(C(O)(C))cc1,240.4
[SiH3][SiH2][SiH2][SiH2][SiH3],200.35
C=C(CC)CCC,168
c1(CCCCC)cccc(cccc2)c12,248.79
c1c(C(=O)OCCCCCCCC)c(C(=O)OCCCCCCCC)ccc1,315
OC(=O)/C=C(C)\C(=O)O,356.15
CC(=O)CC(C)(O)C,229.15
OCc1ccc(C(=O)O)cc1,454.65
c1ccccc1C(O)C(O),339.15
c1cccc(C=C(CCC)S2)c21,387.2
ClSCl,151.15
C[Hg]Cl,442.3
c1(CCCC)ccccc1,185.3
CCC(C1CCCCC1)C,163.15
CC(C)(C)CCC(C)(C)C,260.55
ClCC(=O)OC,241.03
CC(O)C(O)=O,291.15
OCCOC(=O)c1ccc(C(=O)OCCO)cc1,385.15
C1CC2CC1C(=C2)C,189
C=C[Si](Cl)(Cl)Cl,178.35
CCC(C)(C)CC,138.7
c1ccccc1(c2ccc(c3ccccc3)cc2),485
ClS(=O)(=O)O,193
P(F)(F)(F)(F)F,179.35
c1(O)c(OC)cc(CC=C)cc1,264
CCSCCCCC,210
c1(C)c(C)cc(C)cc1,229.33
C1C(=C)C(C2)C(C)(C)C2C1,211.61
CCCCC(CC)COC(=O)/C=C\C(=O)OCC(CC)CCCC,233.15
ClP(Cl)(Cl)(Cl)Cl,433.15
ClC(=O)Cl,145.37
c1(C)c(C)c(CC)ccc1,223.64
O=C(OCC(OC(=O)C)COC(=O)C)C,277.25
CC(C)(C)N,206.19
C(CCCC1)(C1)CCCCC,212
CC(=O)C(=C)C,219.55
CCBr,154.25
CCC(C)CC,110.251
CC1CCC(=O)C1,214.75
c1ccccc1/C=C/c2cc(OC)cc(OC)c2,330
O=[N+]([O-])c1cc(ccc1O)[N+]([O-])=O,386.4
C1CCCCC1?,146.58
FN(F)N(F)F,111.65
CC(=O)OCCCC,199.65
OCC(O)CO,291.33
C(=O)[O-].[Na+],533
N#CCN(CC#N)CC#N,399.15
CC(C)CCCCCCCCC,227.15
c12c(Cl)cccc1cccc2,269.15
c1([N+](=O)[O-])ccc([N+](=O)[O-])cc1,446.6
CC(=O)OCCCCCCC,223
COCCCCC,176
CCC(=O)CCCCCC,265.15
CCCCC(CC)C(=O)OCCOCCOCCOC(=O)C(CC)CCCC,222
c1(CC)ccc(C)cc1,210.83
CCOC(=O),193.55
Cl[V](=O)(Cl)Cl,193.65
CCCCCCC(C)C(=O)O,240
c1(CC)c(CC)cccc1,241.929
C1C[C@]2(C)(C(CCC(C(C)C)=C3)=C3CC[C@@]2([H])(C[C@]1(C)(C(O)=O))),441.65
Cl/C=C/Cl,223.35
c1(CC(=O)O)ccc(OC)cc1,356.15
CCCCS(=O)(=O)CCCC,318
C12CC3C4C(C1)C1CC(C4)CC3C1C2,517.92
COC(F)(F)C(F)(F)C(F)(F)C(F)(F)F,138.15
CCCCCCCCCCCCCCCCCCCCCC,317.15
CCOC(=O)Oc1ccccc1,258.7
CCC(CC)CCC,173.6
C1(=O)C(C2CCCCC2)CCCC1,241.15
CNC(=O)NC,379.5
CCCCN,224.05
C1[C@H](C(C)C)([C@](O)([H])(C[C@](C)([H])(C1))),315.65
C=CC#C,171.23
CCOC(OCC)OCC,197.05
C=CCC=CC,134.45
FB(F)F,146.05
C(=O)(O)C(=O)O,462.65
N1=NC=CC=C1,265
COC(=O)c1ccc(C(=O)OCCO)cc1,353.65
BrCCCBr,238.6
CC(=O)CCCCCC,253.41
OCC(CC)CCCC,203.15
Oc1ccccc1C(C)(C)C,267.53
N(CCO)(CCO)CC,223.15
CCOCCOCC,199.15
c1c(C(=O)OCCCCCCCCC)c(C(=O)OCCCCCCCCCCC)ccc1,261.4
CCC(C)OC=O,156
C=O,155.15
CCCCCCCC,216.38
[F-].[Ca++].[F-],1691
ClC=C(F)F,134.65
CCCCC,143.42
C[Hg]C,230.8
CC(C)(C)OOCC=C,213
C=C(C)C1CCC(O)(C)CC1,303.95
C1=CC=CC2=C1C(C=CC=C3)=C3C2,387.53
CC(S)CCC,160.75
CCCCCCCCCCCN,288.25
NCCNCCN,234.15
CC1=CC=CC=C1C,247.98
c1cc(C(=O)OCC(CC)CCCC)c(C(=O)OCC(CC)CCCC)cc1,223.15
CCCOCCO,183.15
c1ccccc1(C(Cl)(Cl)(Cl)),268.4
C[Al](C)C,288.43
OC(=O)/C=C/C(=O)O,562.55
CCCCCCCCCCCCCCCO,317.05
C1(OC=O)CCCCC1,210
C1N(CCO)CCN(CCO)C1,409.15
CCCCCCCCCCCCCCCCCCCCCCCC,323.75
CCCBr,163.35
CC(=O)CCCC,217.4
COC(C)COC(C)COC(C)CO,231
O(c(c(O)c(OC)cc1)c1)C,328.65
C1COCC1,164.65
[Ge](F)(F)(F)F,258.15
CC(=O)OC(C)C,199.75
c1c(C(=O)OCCCCCCCCC)c(C(=O)OCCCCCCCCC)ccc1,240
CCCCCCCCCCS,247.56
C1=CC=C2C(=C1)C(=C(C2C)C)C,344.65
C[Si](Cl)(Cl)Cl,195
c1cc(O)c(C(C)(C)c2ccc(O)cc2)cc1,384.15
CCCCOS(=O)(=O)O,288
C1CC1(C(=O)O),290.65
c1c(O)cc(C)c(C)c1,338.25
c1(N=C=O)ccccc1,243.15
CN1CCCC1=O,249.15
CC(=O)OC,175.15
FC(F)(F)CC(F)(F)F,179.75
C(Cl)(Cl)=C(Cl)Cl,250.8
C[SiH](C)(C),137
C(O)CC(c1ccccc1),255
O=C(Oc1ccccc1)Oc1ccccc1,352.07
NC(=O)C(F)(F)(F),348.247
CC(C)C(CC)CC,158.2
c1c(C(=O)OCCCCCCCC(C)C)c(C(=O)OCCCCCCCC(C)C)ccc1,227.59
CCCCCCCCSCCCCCCCC,285
NCCCN,262.37
c1cc(oc1CO)C=O,305.45
CSCC,167
OC(CO)COC(C)(C)C,194.8
C(c1c(C)cccc1)O,309.15
CC(O)COC(C)COC(C)COC(C)COC(C)CO,281.5
c1cc(C)ccc1(Cl),280.65
c1ccccc1(CCCCCC),212
COC(=O)CC(=O)OC,211.15
OS(=O)(=O)c1ccc(Cl)cc1,367.15
CC(CC1C)(CCC1)C,207.4
C1=C[CH-]C=C1.[Mg+2].C1=C[CH-]C=C1,449.15
c1(C)c([N+](=O)[O-])cc([N+](=O)[O-])cc1([N+](=O)[O-]),354
CC1=CC(=NC(=C1)C)C,228.958
C#CCCCCCC,194
Cl[Si](Cl)(Cl)O[Si](Cl)(Cl)Cl,245.05
CC(C)COCC(C)C,173.15
CC(C)(C)C(C)(C)CC,263.26
C(CCC\C=C/CCCCCC)CCCC(OC)=O,281.15
c1ccccc1(CCCCCCCCC),249
C/C=C\C(=O)O,288.65
c1cccc2c1CCC2C,182.1
CCCCCCCCCCCCCCCCCCCCCCCCCCCCCC,338.65
CCC(=O)CCCCC,256
CC(=O)OCC(=O)O,341.15
CCCCCCCCC(=O)O,285.55
c1cc(C)ccc1C=O,267
c1(C(=O)O)c(OC(=O)C)cccc1,408
c1(O)ccc(C(C)=C)cc1,356.65
OCCN(CCO)N=O,290
C1[C@](C)([H])(C[C@]([H])(C)(CC1)),183.07
c1(C)ccccc1(C=O),235
CC[N+](=O)[O-],183.63
C(F)(F)(F)/C=C/F,192.5
CCCCCCCCCCCS,270.15
P1(=O)([O-].[Na+])OP(=O)([O-].[Na+])OP(=O)([O-].[Na+])OP(=O)([O-].[Na+])OP(=O)([O-].[Na+])OP(=O)([O-].[Na+])O1,883.15
c1ccccc1CCc2ccc(CC)cc2,292
CC(C)C1C=CC(C)=CC1,192.62
c1(O)ccccc1(C(=O)O),431.75
C=CC,87.9
C1(NC)CCCCC1,264.65
C1=CC2=C(C=C1)C=CC1=C2C=CC2=C1C=CC=C2,531.15
C[Si](C)(C)O[Si](C)(C)O[Si](C)(C)C,193
P(=O)(Oc1c(C)cccc1)(Oc1c(C)cccc1)Oc1c(C)cccc1,245.65
[Ge](Cl)(Cl)(Cl)Cl,221.69
c1ccccc1[Si](Cl)(Cl)c2ccccc2,251.15
c1c(C)ccc2ccc(C)cc21,369
C/C=C/C=C\C,177.05
O=C(OCC(O)C)C=C,243.15
c1ccccc1(CCCCCCCCCCCCCC),289.15
CC(C)C(C)CCCC,156.45
c1c(Cl)c(C)ccc1(Cl),259.65
CCC/C=C/CCC,179.37
COC(C)(C)C,164.55
c1(N)c(N(=O)=O)cccc1,344.65
c1ccccc1(C(=O)C),292.805
ClCC(F)(F)F,167.56
C/C=C/CCC,140.17
c1cc(C(C)(C)C)cc(O)c1(O),330.15
C1[C@](O)([H])([C@](C)([H])(CCC1)),280.15
[Si](OCC)(OCC)(OCC)CCCN,140
N#CCCC#N,331.3
c1(CC)ccc(C(C)(C)C)cc1,234.8
NCCNCCNCCN,285.15
CC/C=C/CC,159.73
CCC(C)(C)c1ccc(O)cc1,366
C1CCC1,182.48
CC(=O)CCC(C)C,199.25
Fc1c(F)cccc1,239.15
FC(Br)(F)F,105.15
CCCCC(CC)C=O,173.15
c1ccccc1/C=C\c2ccccc2,275.65
CC(C)C(=O)C(C)C,204.81
CC(O)CNCC(O)C,318.15
CC(C)=CCC,138.07
c1ccccc1(S(=O)(=O)O),339
CC(C)(C)NCCNC(C)(C)C,327
CCCSSCCC,188
N[S](=O)(=O)O,478.15
OC(=O)[C@](O)([H])([C@@]([H])(C(=O)O)(O)),479.15
C1=CC2=C(C=C1)C1=C(C=CC=C1)C=C2,372.38
CC(C)(C)CCCC,151.97
C(c1ccccc1)(c2ccccc2)C(c3ccccc3)c4ccccc4,485
ClC(=O)N,323.15
CCC#C,147.429
CCC(CC)C(=O)O,258.15
C=COC=C,172.05
CC(=O)CCC,196.27
CCCCC(=O)CCCC,267
N#CCC(=O)OCC,250.65
CCOC(=O)CCC(=O)OCC,252.35
COC(=O)CCC(=O)OC,291.35
N1(C=O)CCOCC1,294
COC(=O)CCCCCCCCCCCCC,291.85
CCCC(=O)CCCC,248
c1(CCCCCCCCCCCCCCCC)ccccc1,300.15
OCC=C(C)C[C@@]([H])([H])(C1C(=C)CC[C@@]2([H])([C@@](C)(C=O)(CCC[C@@]21(C)))),325
C[SiH2](C),123
c1c(C(=O)OC)ccc(C)c1,306.3
FC(F)(F)OC(F)=C(F)F,118
C=C(C)C(C)CCC,172
c1(C(=O)O)cnccc1,510
C[Si](C)(C)O[Si](C)(C)O[Si](C)(C)O[Si](C)(C)O[Si](C)(C)O[Si](C)(C)O[Si](C)(C)O[Si](C)(C)O[Si](C)(C)O[Si](C)(C)O[Si](C)(C)O[Si](C)(C)(C),206
CC(C)C(CC)C(C)C,150.79
CC(=O)OC(C=C)OC(=O)C,235.55
c1(Br)ccc(Br)cc1,360.39
CCOC(=O)/C=C\C(=O)OCC,264
C1=CC2=C(C=C1)C1=C(C=CC=C1)N2,517.95
C/C=C/CCCC,163.67
FC(F)(F)C(F)=C(F)F,116.65
c1(CC(C)C)ccc(C(C)C(=O)O)cc1,348.62
CCC(C)(C)CCC,147.05
C=C(C)/C=C/C,212.7
CCCCCCCCCCCCCCCC(=O)OCC(CO)O,349.65
CC(C)CC,113.25
COP(=O)(OC)OC,227
c1(CN)ccccc1,227.15
CCCOC(=O)C=C,205
c1ccccc1Nc2ccccc2,326.15
c1(C#C)ccccc1,228
NCC(=O)O,509.4
[H][H],14
CCOCCOCCOCC,228.85
C1CCCC1(CCC),155.81
O=C(OCC)CCCCCCCCCCC,271.4
CCCCCCCCCCCCCCC,283.072
CC(C)=CC(=O)C,285.75
OCCCN,284.15
C=C(C)C(=O)OCC=C,209
CCOCCOCCO,219.15
CC([N+](=O)[O-])C,181.83
CCCCCCCCCC(=O)OCC(COC(=O)CCCCCCCCC)OC(=O)CCCCCCCCC,305.05
ClC(Cl)(Cl)C(=O)Cl,216.2
C=CC(CC)CCC,178
c1c(C(=O)OCCCCCCCCCCC)c(C(=O)OCCCCCCCCCCC)ccc1,275
CC(=O)OCCOCCCC,210
OC(=O)CCCC(=O)O,371.65
c1cccc2ccccc21,353.434
c1(CC#N)ccccc1,249
CC(O)C#N,233
FC(F)(F)C(F)(F)C(F)C(F)C(F)(F)F,193.15
CC(C)COC(=O)C(=C)C,225
c1(C(C)C)ccc(C(C)C)cc1,256.11
C(CO)(CO)Cl,254.8
c1(C)cc(C)ccc1,225.3
CC(O)C(O)C,280.75
ClC(F)(F)C,142.35
c1(C(=O)O)c(C=O)cccc1,370
O=C(OCC(CCCC)CC)c(ccc(c1C(=O)OCC(CCCC)CC)C(=O)OCC(CCCC)CC)c1,238.15
O=C(CCCCCCC)OCC(OC(CCCCCCC)=O)COC(CCCCCCC)=O,283.05
c1ccccc1Nc2ccc(cc2)Nc3ccccc3,425.15
c1(O)c(O)cccc1,377.7
C[SiH2]Cl,139
c1(C)c(C)c(Cl)ccc1,276.1
CCC(=O)CCCC,234
C=CCCCCCCCCC,223.99
CCCCCCCCCCCCCCCCCCCC,309.58
C1C(C2C=CC1C2)=CC,193
CC1OC(=O)C(C)OC1(=O),397.1
C#CCCCCC,192.22
CC(C)C(C)C,145.19
C(=O)c1ccc(C(=O)OC)cc1,334.65
c1(CC)cc(C)cc(C)c1,188.82
COCCOCCOCCOCCOCCO,275.6
CCCCCCCCCCCCCCCCCCCCCCCCC,326.65
CC(C)(C)OO,388.15
CC(O)C(=O)OC,207
ClC#N,266.65
C=CC(=O)N,357.65
c1c(CCCOO)cccc1,259.4
c1ccccc1(c2ccccc2),342.2
CCC(C)CCO,208
C1CC2C=CC1C2,319.4
C=C(C)CCC(C)=C,198.321
C=CC(C)(C)C,157.95
C1(CO)CCC(CO)CC1,321
CC(=O)CCC(C)C,199.25
CC(C)CCCCC,164.16
ClN=O,213.55
c1(C)c([N+](=O)[O-])cc([N+](=O)[O-])cc1,342.65
CC(O)C(=O)OCC,247.15
CCOC=C,157.35
OC1(C)CCCCC1,299.15
ClC(Cl)(F)C(Cl)(Cl)F,297.91
CCCCOC(=O),181.25
O=CC=O,288.15
NCCNCCNCCNCCN,243
Cc1cccc2c3ccccc3sc21,339.2
c1(O)c(O)cccc1,377.7
OCCOCCOCCOC,229.15
C/C=C/CCCCCCCCC,243
CSSCC,183.22
c1(ccc(C)n2)c2cccc1,272.15
CCCCCCCCOCCCCCCCC,265.55
c1ccccc1NN=Nc2ccccc2,371.65
OC(=O)c1ccc(C(=O)OCCO)cc1,453.65
CCCCCCC(CCCC)CO,193.15
c1(O)ccc(C)cc1,307.93
CC/C=C\CC,135.33
C=CCCCCCCCCCCCCC,269.42
c1ccccc1(C(C)OO),273.9
CCCSCCC,170
c1(C)c(CCC)cccc1,213
OCCOC,188.15
c1(OC)c(N(=O)=O)cccc1,283.6
C=Cc1ccc(C)cc1,239.02
c1(CC)c(CC)c(CC)cc(CC)c1,252.15
C1(C)=CCC(C=C)CC1,180.6
c1c(C(=O)OCCCCCCCCCC)c(C(=O)OCCCCCCCCCC)ccc1,220
c1(N)cc(N(=O)=O)ccc1,387.15
CCCCOC(=O)c1ccc(cc1)C(=O)OCCCC,287.85
c1cc(C)cc2c1CCC2,213.3
CCc1c(C)cc(C)c(C)c1,260.15
ClS(=O)(=O)Cl,219
CC[Pb](CC)(CC)CC,139.41
c1ccccc1(NC(=O)CC(=O)C),358.15
c1(O)ccccc1(C=O),274.75
c1ccccc1(CCCCCCCCCCCCC),283.15
CCCCCN,218.15
C(Cl)(Cl)Cl,209.63
ClCCC[Si](C)(C)Cl,185.5
CC[Al](Cl)CC,199.15
c1cc(Cl)ccc1(Cl),326.14
OCCC(C)C,155.95
[Li+].[I-],742
N#N,63.149
C1=[C@](C)(CCC([C@](=C)(C))C1),198.8
CC[Al](Cl)Cl,305.15
C#CCCCCCCC,223
C1OCc2ccccc12,279.15
N#C/C=C\C#N,304
CCC1CO1,143.87
C(F)(F)(F)C(F)=C,120.91
CCCCCCCBr,217.05
FC(F)(F)C(F)(F)Cl,173.71
FC(F)(F)C(F)(F)OC(F)=C(F)F,128
C(=O)O,281.55
CCN,192.15
c1cccc2c1(c(CCC)ccc2),264.55
CCCCCN(CCCCC)CCCCC,259
O(C(=CC=1)C)C1C,210.35
CCC(C)(N)C,168.15
c1(C)ccc(N)cc1,316.9
C1(C)(C)CC(C)CC1,130.71
c1c(C)cccc1(C=O),251
FC(F)(F)C(Br)Cl,157.4
CCOCCCCCC,180
CC(C)COC(C)(C)C,162
CC(=O)CCCCC,237.65
CC(C)CC(=O)C,189.15
c1ccccc1C=C(c3ccccc3)c4ccccc4,342.15
C1=CC=CN1,249.74
CC(C)C(C)(C)C(C)C,171.03
CC(C)C(C)C(C)C,163.95
CC1=CC(=C(C=C1)C)O,347.99
C[C@@H]1C[C@@H](C)[C@@H](C)C1,140.6
c1(C)c(C)cc(Cl)cc1,266.9
CCCCCCC=O,229.8
OCC(C)(C)C(=O)OCC(C)(C)CO,322.15
O=N(=O)[O-].[Mg++].[O-]N(=O)=O,363.05
c1(C)ccccc1(C(=O)O),376.85
c1c([N+](=O)[O-])c(C)c([N+](=O)[O-])cc1,337.85
CCCCCCOC=O,211
c1(CC)c(CC)c(CC)ccc1,215
N#CCNCC#N,349.15
C[N+](=O)[O-],244.6
CC(=O)SCC,200
FCF,137
CCCCCC[C@H](C/C=C\CCCCCCCC(=O)OC)O,268.07
CCCC(=O)OC(=O)CCC,199.85
CC(C)CCCCCCCC,224.3
CCCOCCOCCO,220.15
O=C(OCC(OC(=O)C)COC(=O)C)C,277.25
CCCCl,150.35
CC(C)CCCCCCCCCCC,246.65
CC(C(=O)C)O,288.15
[Na+].[O-][Si](=O)[O-].[Na+],1362
OCCCCCCCCCCO,345.7
CCCCCCCCCC(CC)CC,245.5
C1[C@](O)([H])(C[C@](C)([H])(CC1)),267.65
CCCCCCCCCCCCCCCCCCC,305.04
CC(C)C1=CCC(=CC1)C,225.14
C[SiH](Cl)Cl,183
[Cl-].[Fe++].[Cl-],950
CC(C)C(C)CCCCCCC,183.65
OCCOCCOCCOCCO,268.15
NCCCCCCN,311.6
CCCCCCCC/C=C\CCCCCCCCCCCC(=O)OCC(OC(=O)CCCCCCCCCCC/C=C\CCCCCCCC)COC(=O)CCCCCCCCCCC/C=C\CCCCCCCC,305.15
c1ccccc1N(CC)CC,235.15
c1(CC)c(C)cc(C)cc1,210.27
CC(=O)OCCCCCCCCCC,258
CC(C)CCl,142.85
COB(OC)OC,239.15
c1(O)c(C(C)CC)cc(N(=O)=O)cc1(N(=O)=O),313.65
C/C=C(C)/CC,135
C1[C@](C)([H])(CC[C@]([H])(C)(C1)),236.21
CC(C)CCSCCC(C)C,198.55
COC(=O)OC,273.15
O=C(OCCC(C)C)CCC,189
O=C(OCC)CCCCCCCC=CCCCCCCCC,253.67
C1[C@@](C)([H])(CC[C@]([H])(C)(C1)),185.72
c1(C#N)cnccc1,323
ClS(=O)Cl,168.65
CCCCCCCCCC(=O)OC,255
C=CC=C,164.25
c1(N(=O)=O)cc(Cl)ccc1,317.65
c1cc2SCCc2cc1,270
C1OC1,160.65
CC(C)CCC,119.55
CCCCCCCCCCCCCCCCCC(=O)OCC,305.65
C1(C)(C)CCCC1,203.36
C=CCCCCCCCCCCCCCCCC,290.76
CCCC(C)CC=O,230
[Na+].[O-][O-].[Na+],948
OC/C=C/CO,300.45
C=CCCCCCCCCCCCCCCCCCCCCCCCC,324.45
C(Cl)(Cl)=C(Cl)C(Cl)=C(Cl)(Cl),252.15
COC(=O)C1=C(C(=O)OC)C=C(C(=O)OC)C=C1,261.15
c1(C)c(O)c(C)ccc1,318.76
O1C(=O)C(O)=C(O)C1[C@@]([H])(CO)(O),465
C=C1CC(=O)O1,266.65
ICCCC,170.2
[Zn++].[O-]S([O-])(=O)=O,953
c1(CC)c(C)cccc1,192.35
CC1=CC2=C(C=C1)C(CC2)(C)C,246.3
CC#C,170.45
O=N(=O)N=O,170
COC(=O)/C=C\C(=O)OC,254.15
C[Si](C)(C)O[Si](C)(C)O[Si](C)(C)O[Si](C)(C)C,205.15
C1COC1(=O),239.75
CCC(C)CCC,153.75
COCOC,168.35
CS(=O)C,291.67
CC(=O)O,289.81
CC(=O)C(C)C,181.15
CC(S)CC,133.02
CSC(C)C,171.64
[Na+].[O-][Cr](=O)(=O)O[Cr](=O)(=O)[O-].[Na+],629.85
CC(C)CC(O)CC(C)C,208
O=P(OCCCC)(OCCCC)OCCCC,194.31
[Mg++].[O-]S([O-])(=O)=O,1400
CCCCCCS,192.62
O=C=Nc1ccc(cc1)Cc2ccc(cc2)N=C=O,311.2
C(F)(F)(F)C(F)(F)C(F)(F)C(F)(F)C(F)(F)C(F)(F)C(F)(F)C(F)(F)C(F)(F)C(F)(F)C(F)(F)C(F)(F)C(F)(F)C(F)(F)C(F)(F)C(F)(F)(F),398.65
P(c1ccccc1)(c2ccccc2)(c3ccccc3),354.4
C=CCC(C)C,119.51
N#CC(C)CCC#N,228.15
c1(O)ccc(OC)cc1,328.65
S1C(C)=CC=C1,210
C=CCN(CC=C)CC=C,200
C=CCCCC,133.39
c1c([N+](=O)[O-])c([N+](=O)[O-])cc(C)c1,331.45
CCCCOC(=O)C=C,208.55
CC(O)COCCC,193.15
C=COC,151.15
CC(=O)OCCCCC,202.35
c1(N)ccc(cc1)c2ccc(N)cc2,402
C/C=C/CCCCC,185.45
COC(C)(C)CC,197.7
ClC/C=C\CCl,223.15
C=C[Si](OCCOC)(OCCOC)OCCOC,143.15
C1(C)=CC=CC1,210.8
OCCCCCO,257.15
CCC/C=C\CCC,154
COC(C)COC(C)CO,193
c1(C(=O)OCC)c(C(=O)OCC)cccc1,269.9
BrC(F)F,128
CCCCC(=O)O,239.15
C1=CC=CC1,188.15
[Na+].[O-]N=O,557.15
C1CCCCCN1,236.15
c1ccccc1C(C)OC(C)c2ccccc2,243.15
C/C=C\C=O,158
O=P(O)(O)O,315.51
FC(F)=C,129.15
CC(C)(C)OCC(C)OCC(C)OC(C)(C)C,291.7
C[Si](C)(C)O[Si](C)(C)O[Si](C)(C)O[Si](C)(C)O[Si](C)(C)O[Si](C)(C)C,214.15
[Si](OCC)(OCC)(OCC)OCC,190.97
c1(C(C)C)cc(C(C)C)cc(C(C)C)c1,265.75
c1c(Cl)cccc1C(=O)Cl,280
C1CCCC1(C)(CC),129.35
CC(C)CCCC(C)CCCC(C)CCCCC(C)CCCC(C)CCCC(C)C,235.15
C=C(C)C#N,237.35
C=CF,112.65
O1C(C)CCC1C,228.15
C=CCCCCCCCCCCC,250.08
c1ccccc1Cc2ccccc2,298.37
[Na+].[O-]S(=O)(=O)[O-].[Na+],1157
[Si]1(C)(C)O[Si](C)(C)O[Si](C)(C)O[Si](C)(C)O[Si](C)(C)O1,229
c1(C(=O)Cl)ccccc1,272.65
c1([N+](=O)[O-])c([N+](=O)[O-])cccc1,390.08
CCCCCO,195.56
CCCCS,157.46
COCCOCCOCCOCCO,292.3
C(Cl)(Cl)(Cl)C(Cl)(Cl)Cl,459.95
COC(=O)C1CCC(C(=O)OC)CC1,279
CC1=CC(=CC(=C1)O)C,336.591
c1c(C(=O)OCCCCCCC)c(C(=O)OCCCCCCC)ccc1,240
c1cc(C)cc(c(C)cs2)c21,265.19
NN,274.69
CC(O)COCC,173.15
c1(CCCC)cccc2ccccc21,253.43
CCC(=O)CCC,217.5
O=C(OCC)CCCCCCCCC,253.2
S1P2(SP3(SP1(=S)SP(S3)(=S)S2)=S)=S,561.15
c1(C(=O)OCC)c(C(=O)OCC)cccc1,269.9
COCCC#N,210.12
C1CC(C2CCOC2)CO1,235
C(=O)OCC(C)C,177.35
CC(O)COC(C)COC(C)COC(C)CO,265.9
c1(C#N)ccccc1,260.28
CCCC=O,176.8
C1[C@@](C)([H])([C@]([H])(C)(CCC1)),223.16
C(Br)C(Br)CCCCCCCCCC,256.15
c1ccccc1/C=C/C,244
C1(S)CCCCC1,190
C1(C2C(=O)CCCC2)=CCCCC1,280.15
C=CC(C)OCCO,223
C1C2C(C(C(C(O1)O2)O)O)O,455.4
CCC(C)(C)OCC,190
[2H][2H],18.732
CC1CC1,96.12
CC(=O)C(=C)OC,225.7
CC/C=C\CCCC,147
C1C(C)=CCC(C(C)(C)(O))C1,310
CCCCCCCCCN,273.15
C(OC(COC(=O)CCCCCCCCCCCCCCCCC)COC(=O)CCCCCCCCCCCCCCCCC)(=O)CCCCCCCCCCCCCCCCC,346
C(Cl)(Cl)(F)C,169.65
CCCCC(C)CCCC,185.45
CC(=O)OCCCCCCCC,235
CCC(C)OC(C)(C)C,221.5
C=C(C)C,132.81
CCOCC(C)OC(=O)C,213
c1(Cl)ccc(C(F)(F)F)cc1([N+]([O-])=O),270.61
CC(C)(C)C(C)(C)C,374
C(=O)(O)/C=C\C(=O)O,413.15
c1ccccc1C(c2ccccc2)=C(c3ccccc3)c4ccccc4,496.15
FC(F)(F)C(F)(F)C(F)(F)C(F)(F)C(F)(F)C(F)(F)C(F)(F)C(F)(F)C(F)(F)C(F)(F)C(F)(F)C(F)(F)F,348.15
OC(=O)COC,281
CCCCCCCCCCCCC(=O)O,315.01
CCCCCCCCCOC=O,240
CC(=O)OC1OC(C)OC(C)C1,248
CC(C)C,113.54
CCOCC,156.85
OCC(CCCC)(CC)CO,317.3
O=C(OCC)CCCCCCCCCCCCC,285.08
CCOCCOCCOCCOCCO,290
CCC1=CC(C=C)=CC=C1,172.15
c1(C)ccccc1(C),247.98
Cl[SiH3],155.15
C=CCC,87.8
O=C1C[C@H](O)CO1,230.15
OCC(C)(C)C,328.15
[2H]O[2H],276.96
C=CC(C)CCC,145
C1=CC2C(C3)C=CC3C2C1,305.15
CC(C)C#N,201.7
N#CCC[Si](OCC)(OCC)(OCC),204.55
c1c(C(=O)OCCCCCCCCCCC)c(C(=O)OCCCCCCCCCCC)ccc1,275
C1C[C@@](C)(C(=O)O)([C@@H]2(CC=C3C=C(C(C)C)CC[C@@H]3([C@@]2(C)(C1)))),446.65
ClCOC,170
c1ccccc1/C=C/c2ccccc2,397.35
COCCOCCOCCOC,229.35
CCCCOB(OCCCC)OCCCC,203.15
CSc1ccccc1,256.4
c1ccccc1Nc2ccc(N(=O)=O)cc2,408.55
c1(C)c([N+](=O)[O-])cccc1,269.98
CCC(Cl)C,141.85
CC(=C)CNCC,229
C1(=CC=C(C=C1)C(C)C)C2=CC=C(C=C2)C(C)C,337.95
C=CC(=O)OCC,201.95
CCC[N+](=O)[O-],169.16
O=CCCCC=O,196
C(Cl)/C=C\Cl,223.15
C1(S)CCCCC1,190
CC(O)(C)C(N)=O,368.4
C1[C@](C)([H])([C@]([H])(C)(CC1)),155.58
c1ccccc1(OC(C)=O),251.3
CCC1=CCCCC1,163.19
CC1=C(C(=O)C=CO1)O,433.65
C=CC(CC)CC,145.67
CC(C)(C)CC,174.28
C1(O)=C2N=CC=CC2=CC=C1,-348
C1OC(=O)OC1,309.55
FF,53.54
c1ccccc1([Si](Cl)(Cl)Cl),233.2
ClCC(=O),315.65
C=C=C,136.87
c1ccccc1NC=O,323.15
C=CCCCCCCCCCCCCCCCCCC,301.76
C/C=C\CC,121.75
CCOC(C)CO,191.58
FC(F)(F)C(F)(F)C(F)(F)C(F)(F)C(F)(F)C(F)(F)C(F)(F)C(F)(F)C(F)(F)F,257.15
C1(N)CCCCC1,255.45
CCOS(=O)(=O)OCC,248.15
CC1=C(C)SC=C1,224.15
c1(C(=O)OC)c(C(=O)OC)cccc1,274.18
O=P(Cl)(Cl)Cl,274.33
c1(N)cc(N)ccc1,339.1
COC(F)(F)C(F)(F)C(F)(F)(F),150.7
c1cc(S(=O)(=O)O)c(C)cc1,341
c1(C)c(N=C=O)cccc1(N=C=O),291.45
C1NCCOC1,268.55
CC(C)(C)OCC(O)C,228
CCC1CCCS1,201.2
C=CC(=O)OCC(CC)CCCC,183.15
CCOCCOCCOCCO,254
CCCCC(CC)COC(=O)c1ccc(C(=O)OCC(CC)CCCC)cc1,225.15
N(=O)F,140.7
CCCCOCCOCCO,205.15
c1(C)cc(N)ccc1,241.9
[NH2]O,306.25
ClCCCCCCl,200.35
CC(OC)COC,226.1
c1ccccc1Nc2ccc(N)cc2,339.15
CCCCCCCC/C=C\CCCCCCCC(=O)OC,253.65
c1c(C(=O)OCC(C)C)c(C(=O)OCC(C)C)ccc1,223.15
OCCCCCCO,315.15
C(F)(F)(F)C(F)(F)C(F)(F)C(F)(F)C(F)(F)(F),147.51
c1(O)cc(CCCCCCCCC)c(CCCCCCCCC)cc1,357.6
c1c(Cl)cccc1(Cl),248.39
OC(=O)CC(O)C(=O)O,403
CC(C)CC(=O),222.2
c1ccccc1(CCCCC),198.15
ClC(Cl)(F)C(F)(F)Cl,236.92
CC#CCCC,183.65
C=CC(=O)OCCOC(=O)C=C,251
C#CCCl,202.9
c1(C)c(C)c(C)c(C)c(C)c1(C),438.65
O=C(OCC)CCCCCCC/C=C\C/C=C\C/C=C\CC,256.53
ClC/C=C(C)\Cl,198
c1(C(=O)O)c(C(=O)O)cc(C(=O)O)c(C(=O)O)c1,554
COCCN1CCOCC1,248.5
C=C(C)C#C,160.15
CC(O)C,185.258
CCCCCCCCCCCC(=O)O,316.98
NCCCCCN,288.65
[NH4+].[O-]S(=O)(=O)[O-].[NH4+],786.15
C(COC(CCCCCCC\C=C/CCCCCCCC)=O)(COC(CCCCCCC\C=C/CCCCCCCC)=O)OC(CCCCCCC\C=C/CCCCCCCC)=O,278.15
c1(cccn2)c2c(C)ccc1,246.94
NCCCCCCN,311.6
CO[Si](C)(C)OC,193
CC(C)C1=CC=C(CC1)C,201
CC1CCC2=C1C=C(C=C2)C,199.3
c1(CC)c(C(C)C)cccc1,223
CCSSC(C)(C)C,206.44
S1(=O)(=O)CCC(C)C1,273.65
BrC(Br)C(Br)Br,273.15
c1(O)c(C(C)(C)C)cc(C)cc1(C(C)(C)C),342.9
CCCCCCCCCCCC(=O)OC,278.15
ClC(Cl)(CC(Cl)Cl)Cl,286
C1OC(OCCCCO)CC1,265.8
C=CC(Cl),138.65
ClC(Cl)C(=O)Cl,230
CC(C)(O)C,298.97
c1c(C(=O)OCCCCCC)c(C(=O)OCCCCCC)ccc1,233
CCCCN(CCCC)CCCC,203
P(F)(F)F,121.85
C1CC1C#N,248.15
C(c1ccccc1)CO,246.15
[Si](C)(C)(C)O,282.65
CC(C)(C)OC(=O)C,215
CCOC(C)C,140
OC(=O)CCC(=O)C,308.15
C=CCCCCCCCCCC,237.95
CSCCC,160
c1(C)ccc(Br)cc1,299.95
N#C/C=C/C#N,370
CCF,129.95
C1C2C(CCC1)CC[C@@H](C2)CCCCCC,233.7
c1(C)c(C)c(C)ccc1,247.79
CCCCC(CC)CNCC(CC)CCCC,290
OCCCCCCO,315.15
c1cccc2oc(C)cc21,291.7
CCCC(C)CCCC,159.95
O=C(CCCCCCCCCCC)OCC(OC(CCCCCCCCCCC)=O)COC(CCCCCCCCCCC)=O,318.65
CCCCCCCCCCCO,288.45
CCOCCC,145.65
C=CCCCCCCC=C,201.35
n1ccncc1,327.15
COC(=O)CCCCCCCCCCCCCCC,303.05
CCCCCCCCCCCCCCCCCCO,331.05
CCC(C)CCCCCCC,193.65
C(C#C)(C)(C)C,194.98
COOC,173.15
OCC(CCC=C1)C1,214.4
Oc1cc(ccc1)C(C)(C)C,314.15
FC(F)(F)C(F)(F)C(F)(F)C(F)(F)C(F)(F)C(F)F,180.15
CC(=O)CCCC,217.4
C1CCCCC1,279.69
C/C=C/CC,132.89
C=CCCCCC,154.12
[N]=O,112.15
CC(=O)CC,186.46
CCC(=O)CC,234.18
CCC(O)C,158.45
c1ccccc1(O),314.06
c1(O)c(C)cccc1,304.19
c1cc2C(=O)OC(=O)c2cc1,404.26
CCC(=O)OC,185.65
CC(C)OC(C)C,187.65
C=CCl,119.36
ClCCl,178.01
c1ccccc1(Cl),227.95
CCCN,190.15
OCCN(CCO)CCO,294.35
ClCC(=O)O,333.15
O=C=S,134.34
C=Cc1ccccc1,242.54
CCCCCCCCCCCCC,267.76
c1c(C)ccc2ccccc21,307.73
CC(C)(O)CC,264.15
OCCC(O)C,196.15
OCCCCCO,257.15
CCCCCCCC(=O)O,289.65
CS,150.18
CCC(C)CCCC,152.6
CCCCCCCCCCCCCCCCC,295.134
C1(C)CCCC1,130.73
C=CCCCCCCCC,206.9
C1=CCCCC1,169.67
OCC(CC)CC,223.8
OCC#C,221.35
c1(O)ccc(C(C)(C)c2ccc(O)cc2)cc1,430.15
CCOC(C)OCC,173.15
ClC(Cl)C(Cl)(Cl)Cl,244.15
ClC(F)(F)F,92.15
CCC(N)C,168.65
ClP(=S)(Cl)Cl,236.95
Cl[SiH](Cl)Cl,144.95
[Na+].[O-]C(=O)[O-].[Na+],1123.15
c1ccccc1Cc2ccccc2,298.37
CCC(CC)CC,154.55
CC1(CCCCC1)C,239.66
C1[C@@](C)([H])(C[C@]([H])(C)(CC1)),197.58
C=C(CC)CC,141.61
C=C(C)C(C)C,115.89
CC/C=C\CCC,136.51
CC(=O)CC(=O)C,249.95
CCCCCCCCCCCCCCCCO,322.35
CCCCCCCCCCCCCCCCCCCCO,338.55
c1c(O)c(C)c(C)cc1,345.71
c1(O)ccc(C(C)(C)C)cc1,371.95
CCOC(=O)OCC,230.15
ClCCCCCl,235.85
CC(Cl)=C,135.75
FC(F)=C(F)F,142
CCN(CC)CC,158.45
N#CC#N,245.25
O=P([O-].[Na+])([O-].[Na+])[O-].[Na+],1613.15
ClB(Cl)Cl,166.15
BrCCl,185.2
FC(F)(F)C(F)(F)C(F)(F)F,125.46
BrC(F)=C(F)F,115
CCCCCCN,252.15
c1(N)ccc(N(=O)=O)cc1,420.65
ClCCO,205.65
c1(N(=O)=O)ccc(Cl)cc1,356.65
C1(=O)OC(=O)CCC1,328
C(c1ccccc1)CO,246.15
c1ccccc1C(C)(C)c2ccc(O)cc2,346.3
CCCCCCOC(=O)CCCCC(=O)OCCCCCC,259.35
C=CCOC(=O)/C=C\C(=O)OCC=C,226.15
c1ccccc1NNc2ccccc2,400.5
C1=CC2=C(C=C1)C=CN2,326.15
O1C(CO)=CC=C1,258.52
[Na+].[O-]N(=O)=O,580.15
OC(=O)CC[C@]([H])(C(=O)O)(N),497.15
CCCCCCCCCCC=O,302.36
CCC(C)C(=O)O,193
C1OCC=C1,171
CCCS,159.95
CCSSCC,171.63
CC(C)(O)C#N,253.15
[Cr](=O)(=O)(=O),470
O.O.O.O.O.O=BOB([O-])OB([O-])OB=O.[Na+].[Na+].O.O.O.O.O,334.15
c1(O)c(OC)cc(C=O)cc1,355
c1(C(F)(F)F)cc(N(=O)=O)ccc1,272
C(Cl)(Cl)(Cl)C(=O)O,330
O=S(C)(O)=O,292.81
CCOP(=O)(OCC)OCC,216.65
c1ccccc1(OP(=O)(Oc2ccccc2)Oc3ccccc3),322.44
N#CCCOCCC#N,246.85
NCCCC[C@](C(=O)O)(N)([H]),498
CCCCC(O)C(=O)O,334
CC(C)(C)CCCCCC,211.59
CC(C)CCCC(C)C,170.25
C1=CCCC=CCC1,203.98
C#CC(C)C,183.45
c1(CCCCCCC)ccccc1,225.15
CCCCOCCOCCOCCCC,212.95
c1ccccc1(C(C)(C)OOC(C)(C)c1ccccc1),311.15
c1cccc2c3ccccc3Oc21,355.31
c1(C)cc([N+](=O)[O-])cc([N+](=O)[O-])c1,366
CCC(=O)C(C)C,204.15
CCCCCCCC(O)C,238.15
CCC(C)OC(C)CC,173.15
CC(Br)Br,210.15
CC(N)CN,236.53
SCCC(=O)O,290.65
O=C(O)CC(=C)C(O)=O,438.75
C[SiH3],116
c1cccc2c1(C(CCCCCC)CCC2),220.81
CC(=O)CCCCCCC,266
COCCC,133.97
CCOC(C)(C)C,179
CC(C)(C)C(=O)O,309.08
[NH4+].[O-]P(=O)(O)O,463.15
OC(=O)CC(=O)O,409.15
CCOC(=O)C[C@@H](C(=O)OCC)(SP(=S)(OC)OC),276
CC(=O)[O-].[Na+],601.3
OCCSCCO,262.95
SCCOCCS,193
CC(C)CC(C)(C)CC,160
CC(=O)OCCCCCCCCC,247
ClCCOP(=O)(CCCl)OCCCl,299
N1(C)C(=S)CCC1,276
CCCCCCCCCCOC=O,250
CC(C)C(=O)OCCC,200
CC(C)(C)OC=O,256
ClC(F)(F)C(Cl)F,195.15
CC(O)COC,176.48
[Si]1(C)(C)O[Si](C)(C)O[Si](C)(C)O[Si](C)(C)O[Si](C)(C)O[Si](C)(C)O1,270.15
CCCCCCCCCCCCCCCCCCCCCCC,320.65
CC(C)(C)SCC,184.2
OCC1CO1,228.15
OCC(C)(C)C(O)C(C)C,328.3
c1c(C(=O)OCCCCCCCCC)c(C(=O)OCCCCCCCCC)ccc1,240
CC(C)(C)OC(C)COCC(O)C,195
CCCCOS(=O)(=O)OCCCC,193.45
OCCCCCC(=O)O,313.15
C1[C@](C)([H])(C[C@]([H])(C)(C[C@]1([H])(C))),188.75
c1ccccc1(C(=O)OOC(=O)c1ccccc1),378
C1(=O)OC(=O)C=C(C)1,281.15
N1=CN=CC=C1,295
C1=C(C2=C(C=C1)C(=CC=C2)N=C=O)N=C=O,404
S1CCC1,200
C/C=C/CCCCCCC,220
CCCCOCCOCCOCCO,226
CCCCCCOCCOCCO,240
C1CNCCN1(CCO),252.15
CCCC=C(CC)C=O,247
CCSCCCCCCCC,241
c1(Cl)c(Cl)c(Cl)ccc1,325.65
FC(Cl)(Cl)C(F)F,210
ClC(Cl)(Cl)C(Cl)(Cl)F,373.15
C=CCCCCC(C)C,185
c1(C)c(N)cccc1(N),376.65
CO[SiH](OC)OC,159.6
COCC(N)C,281.15
C1[C@H](O)(CC2=CC[C@H]3([C@@H]4(CC[C@]([H])([C@H](CC[C@H](C(C)C)(CC))(C))([C@@]4(C)(CC[C@@]3([C@]2(C1)(C))([H])))))),413
c1(O)cc(CC)ccc1,269.15
C=CC(F)(F)F,162
c1ccccc1C(C)OC=O,238
C1C[C@@](C)(C(=O)O)([C@@H]2(CC=C3C[C@](C=C)(C)(CC[C@@H]3([C@@]2(C)(C1))))),436
CC(C)(C)C(=O)OC=C,195
CCS(=O)(=O)Cl,205.15
C(O)C(O)CCO,274
CCCCCCCCCCCOC(=O)c1ccccc1C(=O)OCCCCCCC,240
c1c(C)cc(OC(C)C)cc1,288
CC1(C)CC(CC(C)(CN=C=O)C1)N=C=O,213.15
c1(CCC)c(C)c(C)ccc1,250
C(F)(F)(F)C1(F)C(F)(F)C(F)(F)C(F)(F)C1(F)(F),228.15
CCCCCCCCCCCC(C)CO,278
C1(C)(O)CCC(C(C)(C)(O))CC1,377.65
CC(O)COC(C)COC(C)(C)(C),279.2
c1(O)c(C)c2CCC(C)(CCCC(C)CCCC(C)CCCC(C)C)Oc2c(C)c1(C),276.15
C=CCSCC=C,190
CCC(C)CCCCCO,240.1
ClCCOCOCCCl,240.35
ClCCCO,253.15
CC=CCOC(=O)C,200.8
C1N([N+](=O)([O-]))CN([N+](=O)([O-]))CN([N+](=O)([O-]))CN1([N+](=O)([O-])),551
CCCCCC(=O)N,373.7
C[In](C)C,362.65
C(Cl)/C=C/Cl,264.5
c1cccc(C=C(CCCC)S2)c21,425.65
CC(O)CCl,209.8
c1c(C)cccc1(C(=O)O),384.15
C=CCOCC(O)C,212
C1(C)CCC(C[OH])CC1,245.2
NCCCN(C)C,194.43
c1cccc2c(C)c(C)sc12,282.15
B(Br)(Br)Br,227.31
CO[Si](OC)(OC)CCCOCC1CO1,160.75
NCCOCCN,287.3
C1(C)(C)C(C)CCC1,251.51
C1C(CC)c2ccccc2CC1,209.95
COCC(C)OC(=O)CC,221.5
CC(C)(C)OCC(O)COC(C)(C)C,268.1
C(OC(COC(=O)CCCCCCCCCCCCCCC)COC(=O)CCCCCCCCCCCCCCC)(=O)CCCCCCCCCCCCCCC,339.01
O=C(OCC)CCCCCCC/C=C\C/C=C\CCCCC,218.2
O=C(CCCCCCCC=CC/C=C\CCCCC)OCC(OC(CCCCCCC/C=C\C/C=C\CCCCC)=O)COC(CCCCCCCC=CC/C=C\CCCCC)=O,262.15
CC(C)CCCCCCCCCC,247.15
c1c(C(=O)O)oc(C(=O)O)c1,615.15
CN(C)N=O,245.15
CCOCCOCCOC(=O)C,248.15
